關鍵字,回應
千禧山莊,"千禧山莊在花東海岸北回歸線標誌南側，是一座開闊簡潔的歐式建築。\n
莊主曾秋吉夫婦早年從「黑手」行業白手起家，偶然的機緣裡，當他們來到花東海岸，直覺ㄧ定是上天的祝福，於是在退休後便來此，自己監工興建並將山莊分享 給行過花東海岸的旅人。從千禧年開始，許多旅客因為愛上這裡的自然美景而多次造訪。這裡前擁太平洋，碧海藍天視野遼闊，岸邊椰影婆娑過馬路就可以親近大海到海邊散步，撿石頭，看海浪。 \n
早上海面壯觀的日出和晚上美麗的月出永遠是令人著迷的。山莊後方的臥佛山，仙女山山勢奇貌，如果正逢山嵐飄邈，常可看見霧氣隨山勢緩緩降下，宛如雲山瀑布則又是另一番動人的景緻。濤 聲鳥音，花香樹影，當然還少不了最重要的人情味。山莊秉持古道 ，熱誠招待來客，整潔溫馨的客房 ，有陽光的味道的被褥，務求讓八方 來客有回家的感覺。就是因為這份美好舒適所以中外友人常有感念，有的題字相贈有的網站留言，有的在牆上寫字滿滿表達對千禧山莊的祝福和肯定。"
海公主民宿,"在這裡，可以享受清晨夕陽慢慢升起白天，海浪一波波白浪花向海岸線向前行，背倚山脈隱約可以看得出樹草迎風搖曳，海風，山風，醋碰肌膚是如此的舒服，海的鹹味，山間的芬多精，夜晚的寧靜，則是欣賞著辰星夜景，不管聽覺，觸覺，嗅覺，視覺，都刺激每個器官。把碧海藍天，山明水秀，環境清幽，妝點你的旅程回憶，唯有親身體驗，海公主與你共享一切。春.夏天-是東海岸美景最亮眼的時刻.『迷人的景觀.城市看不到』『浪漫的海浪聲.城市裡享受不到』在這裏，你能擺脫一切的壓力及疲倦，在這兒美美的東海岸.不只可以體驗一早起來蔚藍的海岸及海聲，背後的海岸山脈不時還會有保育類動物的啼叫聲，極盡脫俗的世外桃源～在夏天裡，這裡也可以舉頭看見滿滿的星星～\n
『 海公主民宿誠摯歡迎包棟.也歡迎入住， 本店提供早點.（由老闆娘推薦介紹給大家到附近最棒的風味餐點）"
聖地牙哥山海景日出民宿,"歡迎來到花蓮石梯坪花蓮民宿「聖地牙哥海景，山景，日出景觀民宿」。\n
本花蓮民宿位於石梯坪國家風景區內(東海岸最漂亮的太平洋海域)\n
建於風景區內最佳的地理位置，是全花蓮看海景，山景，日出最美的地方。"
緩慢‧石梯坪,"台11線花東海岸公路上，一系列清水混凝土，粗糙石塊般表面的建築，皆由新銳建築師─陳冠華打造。\n
石梯灣118，為其中最緊臨太平洋的一棟狹長型民宿，佇立在港口部落的滄海桑田，遺世靜定，外觀就像未完成的水泥石屋，毫無違和地融入山海地貌之間。\n
設計概念始於「簡單生活」，傳達少即是多，空即是滿的哲學。\n
桀傲不馴的橫向線條，粗獷原始的模板牆面，豪邁景色的大塊露出。\n
風雨歲月洗鍊出那深沉的灰，默默以生命實踐，它所相信的意義。"
尋路 花蓮石梯灣118民宿,"台11線花東海岸公路上，一系列清水混凝土，粗糙石塊般表面的建築，皆由新銳建築師─陳冠華打造。\n
石梯灣118，為其中最緊臨太平洋的一棟狹長型民宿，佇立在港口部落的滄海桑田，遺世靜定，外觀就像未完成的水泥石屋，毫無違和地融入山海地貌之間。\n
設計概念始於「簡單生活」，傳達少即是多，空即是滿的哲學。\n
桀傲不馴的橫向線條，粗獷原始的模板牆面，豪邁景色的大塊露出。\n
風雨歲月洗鍊出那深沉的灰，默默以生命實踐，它所相信的意義。"
藍色珊瑚礁 民宿,"花蓮縣靠海最南端的豐濱鄉，與台東縣長濱鄉相連，雙濱生活坐擁蔚藍海岸與蓊鬱山野，加上原民部落特色，成為樂齡族最享受的深度慢活鄉鎮。\n
緩慢石梯坪，位於石梯坪遊憩區內，悠閒散步即可欣賞世界級地質景觀，包含單面山，海蝕平臺，海蝕溝，壺穴等。\n
本館所有房型直面太平洋，躺臥柔軟被舖，就能目睹日出月昇的獨特景致。 別館「海桐小屋」，位於台11線旁平房小屋，附溫馨客廳，簡易廚房設備，適合家族親友包棟同遊。\n
緩慢石梯坪，在緩慢石梯坪，從無菜單晚餐「山海慢食」，就能來場舌尖上的部落巡禮。\n
主廚依據地方風土，進行食物設計，隨著管家說菜，邊聽故事邊用餐，帶您進入五感的美食饗宴。 放慢速度，打開感官，好食好眠，預約屬於您的緩慢生活。"
石梯33號民宿,"簡單在慵懶的早晨中醒來，呼吸到的是海水的鹹味與山林植物的氣息\n
喝杯咖啡看份報紙，或許望著大海發呆一下午\n
寬闊民宿背靠繚繞的海岸山脈，隔著一條馬路是太平洋，近六千坪的土地上種植著蒲葵樹，南洋杉，聳立著一棟簡約的鄉村建築。\n
慢活第一次到來或是曾經造訪，每一次您都可以發現在您心裡認為最美的那一幕，「時代雜誌」譽為亞洲最被低估的太平洋渡假地。"
天地海民宿,"七年多前，兩位熱愛旅行的音樂家，在台灣東海岸的中點找到一塊荒廢許久的地，就在這塊易主多人毫不起眼的荒地，築起退隱山林的夢想。\n
不只熱愛音樂，他們也深愛建築設計，博覽相關書籍與建築設計的節目影片，花了三年的時間跟優秀的趙建築師溝通，兩年多的時間與很有才華的李設計師研究，從遼闊的太平洋尋找蓋房子的靈感。\n
這個房子很有趣，將一般方正的房子，橫拉開來變成一道「牆」，就變成現在這個七個方塊「DO-RE-MI-FA-SOL-LA-SI」七聲音階階梯狀的長屋。空間設計採主客分離，主客互有私密空間，又可以在正中間的大廳交集聯誼。每個房間都可以看海，都可以保有極不錯的私密領域，都有能耐強颱的五加五膠合強化玻璃隔音氣密窗，都可以敞開門窗與大海與海岸山脈直接接觸，建築師以堅固耐震的結構加強建築物本體，加上堅固高貴的大門，讓您安心放心享受東海岸的海景，星空，海風與山風。\n
我們離海平面二十公尺，身手矯健的人 三十秒就可以走到海邊摸到海浪，與大海零距離。我們面對世界上最浩瀚的太平洋，向左向右各兩百公里的超大海岸美景，常常可以欣賞毫無光害的滿天星斗，屢屢可以欣賞美麗且毫無遮掩的特大圓月，白天的海風與夜晚的山風是這裡最有趣的大自然對話，精彩的動物生態，豐富的海岸植物景觀，充滿古典音樂氣息的氛圍……。\n
三十幾年前，年紀輕狂的年輕人騎機車環島到這裡爆胎，在舊有狹小的碎石路上，牽了五十公里的路，才找到機車行修理，這個難以磨滅的印象讓他更深愛這裡，只是沒想到竟會選擇在這裡終老！熱愛音樂創作的男主人，曾經在這裡找到極多的音樂靈感，想必天.地.海.之間必定隱藏著極大極多的珍寶，等待有能力有眼光的人去發覺！精通十八般武藝，文武全才的女主人是「天地海」的支柱，彈了一手好鋼琴，教了30年鋼琴，學生獲獎無數，得過第十三屆金曲獎，很會煮菜，也會油漆…！男主人幾年前，在世新大學擔任駐校藝術家期間，曾經以「有夢想就有力量」為主題開課，「天地海」民宿應該可以當作這個思想主題的實踐！充滿艱難！充滿夢想！這不是一間普通的民宿，這裡有舒適的客房，安全衛生的環境，健康豐富的餐飲，有趣的動植物生態，廣闊的空間，文學，哲學與藝術都在這裡交集！\n"
黑熊背包客棧,入住完美住宿是開展旅程的必備要素。快來享受住宿提供的所有客房免費Wi-Fi吧！ 住宿位於花蓮縣花蓮市的絕佳位置，讓你輕鬆探索熱門景點和餐飲選擇。 離開前，別忘了到訪著名的Taroko Gorge。 作為額外福利，住宿還附設餐廳，方便滿足你的需求。
洄瀾窩青年旅舍 ,"洄瀾窩不僅是一個住宿空間，更是集結旅人的交流空間。\n
旅舍主人運用旅行與生活中熱愛自然的一種態度，\n
從公共交誼空間至房間設計概念皆採用環保與復古工業風，\n
打造出「清新，分享，環境友善」的窩。"
LAZY HOUSE_廢在這背包客棧,花蓮廢在這X背包客棧（Lazy House）位於花蓮火車站後站出口，為民宿主人自行改裝的青年旅館。將交誼廳及房間做了區隔，將一樓的公共空間留給來訪旅客做休息及旅行途中的交流園地。期待每個來訪旅客都可以感受到旅行的愉快與成長。
花蓮青年旅館．北吉光輕旅,"舒適且優雅\n
舒適就是對一個居宿空間最完整的讚許， 真實且貼切，因此我們將舒適作為創造的 要旨，或者在多加上了一些優雅，這就成 為了我們要給旅人的感受。\n
自由而熱情\n
無論如何的創造獨立且宜人的空間與角落 ，仍難以抑制旅人相遇所併發的無限熱情 ，也許這就是旅行自由所揮灑出的美麗色彩吧!\n
細膩也貼心\n
如果連每一處細節都能從旅人的需求與期 待來思考，那麼這些細膩就是我們要給您 的完整貼心!"
Cozy House 小羊 房花蓮背包客棧,小羊房旅行客棧是為了喜愛旅遊，不喜歡受到拘束，卻又喜歡與旅人互動的您，所思考設定出的旅宿空間，我們將家庭旅行對幸福感的期待與背包客希望的便利與自由度，調和出最大的包容性，我們相信這裡會是一人旅行到家族旅宿都愛的選擇，清朗，明亮，潔淨，溫暖，就會是您在這裡遇見的美麗彩虹喔!
途中花蓮青年旅舍,"花蓮市，距離松園别馆 3.8 公里，有空調客房和露台。這間住宿距離太魯閣國家公園約 36 公里，距離花蓮天惠堂約 1.6 公里，距離花蓮慈惠堂約 2.4 公里。這間住宿全面禁菸，距離鲤鱼潭 17 公里。\n
每間客房都有市景戶外休息區。這間住宿的客房設有共用衛浴，且提供淋浴設施和吹風機，並可使用 WiFi（免費）。部分客房有陽台。客房均有寢具。\n
該地區的熱門活動為騎自行車。提供腳踏車租借服務。附近的人氣景點包括慈濟靜思堂，花蓮火車站和花蓮縣立體育場。最近的機場是花蓮機場，距離這間住宿 3 公里。"
花蓮阿羅國際青年旅舍,"花蓮阿羅青年旅舍位在花蓮市，距離松園別館有 2.3 公里。全館提供免費 WiFi。\n
部分客房享有山景或市景。為提供舒適的住宿體驗，房內亦備有拖鞋及免費盥洗用品。亦配有可收看有線頻道的平面電視。\n
花蓮阿羅青年旅舍距離慈濟文化園區有 600 公尺，距離花蓮縣立體育場有 1.5 公里。"
山羊青旅民宿 ,山羊青旅位於花蓮縣的黃金地段，毗鄰市區內各大主要景點。 酒店內設有多種設施和服務，可讓您安心酣睡，盡享舒適。 享用酒店內的客房皆有免費Wi-Fi，自助洗衣設備，私人登記入住/退房， 行李寄存， 吸煙區等設施。 部分客房內設有免費茶包，毛巾，晾衣架，拖鞋，鏡子，設計裝飾溫馨舒適，讓住客感到賓至如歸。 酒店內設有多種娛樂設施。 山羊青旅是前往花蓮縣旅行消閒的理想住宿選擇。
花蓮小旅行迷你公寓背包客棧,花蓮小旅行迷你公寓是位於花蓮火車站斜對面的一間青年旅館，與隔壁我之前住的英倫風格的洄瀾窩青年旅舍就在鄰近相隔一條馬路，花蓮小旅行迷你公寓的規模比較小一點，是舊公寓改建，沒有電梯，一樓櫃台從早上開始提供免費的咖啡，還有茶飲，廚房也有提供微波爐，吧台會賣一些酒精飲料到晚上十一點，本以為在火車站附近會比較不好停車，可是路邊停車格都還滿好找的，所以不論是自駕或是搭車的朋友都很推薦住宿。
旅充人文,"台灣工業革命！極致美學的重拍新青旅\n
「磅！」壓下電力開關，拉起鐵道轉轍器，「啪，啪，啪！」一盞一盞鐵黑吊燈接連亮起，鮮明地打亮了那道飽滿而重擊的綠，綠與綠間，是金屬與黑色水管俐落交錯極致美學的工業風空間。逐牆陳列的黑白影像，一幀幀如山巍然，又如海深邃，湧動著那熱切而濃烈的綠——旅充人文 Travel Charger Hostel，在曾經見證時代的洄瀾城，以歷史書寫空間，以設計演繹旅行，用台灣的綠，再現工業美學革命！"
崧居文旅-挑高閣樓住宿,"我們提供自在舒適的空間給遠道而來的旅人\n
零接觸服務一層一間不受干擾\n
房型均為雙人及四人的挑高閣樓設計\n
適合情侶或朋友入住\n
也有包棟服務讓多人團體出遊"
仲青行旅 花蓮館,"花蓮，台灣美麗的後山， 愜意的東部小鎮，\n
在這裡可以看見鯨豚的悠游，麻糬的美妙還有關於那一幅幅名為人情的驕傲，\n
鄰近火車站旁的仲青行旅花蓮館，處於名勝景點的中間站，\n
不管因為什麼原因來到了花蓮。都是您足以駐足停留的選擇。"
您好生活公寓民宿,"世界旅人們~你好\n
您好生活公寓，距離花蓮火車站步行路程僅有3分鐘時間，我們特別為旅人們準備了舒適的住宿空間與家人朋友般的相處感受。\n
全區提供免費無線WiFi，並設有交誼廳，共用簡易廚房，讓彼此分享在旅途中的點點滴滴，是如何用不同的角度來看天看地看世界。\n
每間房間均有空調設備，淋浴式獨立衛浴，吹風機，拖鞋，遮光窗簾。\n
每個床位均配備萬用插座(USB插座)，閱讀燈，電扇，置物櫃，衣架，遮光床簾。 "
鳥窩•花蓮青年旅舍•花蓮背包客棧,花蓮背包客棧青年旅舍距離花蓮火車站步行3 分鐘，離市區約3公里，有著優越位置與順暢的交通動線，我們花蓮背包客棧沒有高級的裝潢和設備，但有著麻雀雖小，五臟俱全的環境，花蓮背包客棧以安全，體貼，舒適，平價的住宿為訴求，提供來訪旅客舒適的休憩環境，讓陌生城市的旅人感受到居家的溫馨，自在。
窩二樓小客棧,我們有一個夢想。這個夢想源於我們的兩種熱情環遊世界，以及在花蓮擁有一間旅舍，以便能夠邀請其他人與我們一起探索花蓮縣。我們創建了 World Inn，其靈感來自世界上每個不同國家，並歡迎來自世界各地的旅行者。現在，我們肩負著成長的使命。我們的夢想不斷發展，我們將旅行者和花蓮當地人聚集在一起。我們搬到了花蓮的新地點，為更多旅行者提供了更多空間，現在擁有我們自己的 World Inn 咖啡館。這裡是旅行者在冒險之旅中放鬆休息的地方，也是當地人可以喝一杯放鬆身心，恢復活力的地方。在這裡，我們提供現磨咖啡和手工蛋糕，均採用來自花蓮周邊農田的當地食材製成。在 World Inn，你可以買到獨特的紀念品。
A Good Man's Hostel,"位於花蓮市，提供空調客房，距離北濱公園海灘 2.5 公里。這間住宿距離松园别馆約 2.8 公里，距離鲤鱼潭約 17 公里，距離太魯閣國家公園約 36 公里。這間住宿全面禁菸，距離南濱公園海灘 2.7 公里。\n
所有房型均有附淋浴設施和吹風機的共用衛浴，享 WiFi（免費）。這間住宿的每間客房都有寢具和毛巾。\n
附近的人氣景點包括花蓮天惠堂，花蓮火車站和慈濟靜思堂。最近的機場是花蓮機場，距離 A Good Man Hostel 3 公里。"
街角二館-角舍背包客棧民宿,"一個人的旅行輕鬆而愜意\n
二個人的小旅行，有話就聊，想停就停\n
三五好友更是精采，將時間留影定格在湛藍的海面上\n
再多一點朋友呢？嘿～～那就更多有趣的旅行方式了\n
旅行的中途休憩站呢？\n
在市區一定很不錯的，想買什買什，想吃什吃什，那如果就在火車站不遠處呢？\n
這樣就更完美了，當然最大的好處是隨便走路就到，省了點交通費，多了點時間瀏覽城市風情\n
角舍民宿就在這裡，我們期待給您這樣的感受！給自已一個計畫，來花蓮走走吧"
KID花蓮背包客棧,ＫＩＤ（去的閩南語發音）花蓮背包客棧，這間靠近花蓮火車站的背包客房是由藝人KID林柏昇所經營～
Sleeping boot Hostel 背包客棧,"旅行好似一種生活裡的小確幸般，在忙碌的步調裡，偷閒，慢下來，喘一口氣！\n
獨自旅行，步伐自我調整，想立即停下來看見眼前美好或不美好的人事物，這樣的旅行沒有牽絆，獨自享受，內心的小劇場隨著旅行場景變換，也夢幻！轉換心情是旅行中重要的一件小事，也是大事，晴天迎向自然，陰天走走步道，雨天找個好咖啡店靜靜，轉換得好，一切海闊天空，如此，旅行中的那些小日子更開心愉悅。\n

你說走就走嗎？那就任性一番吧！巴塞隆納聖家堂裡，陽光灑入在建築，投射到室內的美感至今難忘。墨爾本的Barista咖啡人生，展開對於生活的新思維，阿得雷德一抵達市區的早晨，街頭藝人小提琴聲悠揚，餘音繚繞。香港的讓我回到電影裡的港片世界，繁忙又有特殊氛圍。沖繩一個人的跳島再跳島，享受無人干擾的美麗沙灘。台東嘉蘭部落的原民特色與生活，是台灣的世外桃源。澎湖望安的路邊晚餐吃辦桌，路燈映照著新鮮小卷。金門條條大路植栽的像是綠色隧道，戰地堡壘轉換成一整座國家公園。德國皚皚白雪的小鎮，雪花像貼紙印在車窗，看出去如白色夢境。柬埔寨穿梭吳哥窟，殘破卻壯觀的美感引人遙想那曾經偉大的王朝。清邁街頭騎機車奔馳，一點也不遜色於泰國本地人。澳洲菲利普島在寒夜等待企鵝排隊回家，心理的療癒難以語言形容。紐西蘭那一夜Naked Bus，從奧克蘭到威靈頓跨越700公里的瘋狂旅程。伯斯每日來回約800公里的探索西澳大地，對澳洲再次讚嘆。北京胡同的老味道與當年奧運建築展開新對話，新與舊融合帶領著這座大城市。新加坡與馬來西亞，見識不同膚色不同文化的人們如何和平共存著。花蓮山與海的大自然美景，讓你不知不覺就待了近五年，追尋大甲媽祖的一夜，看見台灣人的可愛與創意無限，毫無規劃的日本行，讓剛結識的背包客們帶著我佔滿行程。首爾的Hostel結識了一群歐洲友人，至今還聯繫著。\n

旅行就是如此，在旅程中你會結識朋友，於是你的朋友來自世界各地，懂得去尊重當地文化你也才能更融入，打開心裡的偏見則會看見當地更多的美好，還要繼續旅行下去…"
僖豆背包客,民宿位於花蓮，提供簡約，經濟實惠的住宿選擇。所有客房均提供免費 WiFi。步行至花蓮火車站 10 分鐘，騎自行車至東大門夜市 15 分鐘，步行不到 5 分鐘內即有超市，速食店和便利商店。每間客房均裝有空調，衣櫃和衣架，廁所和衛浴均為共用。民宿設有附電視的共用休息室和遊戲室。工作人員很樂意提供票券服務和協助安排行程，另可提供免費行李寄存服務。若有需求，亦可提供洗衣服務，需額外收費。
花蓮 小森見晴/ 背包客棧 / 火車站住宿 / 民宿,小森見晴，帶著我們一起走進花蓮的夏秋冬春，一同用食物，來了解這座城市，一同用書本，來進入這城市的心，或許我們都沒有故事，我們只是深在其中。
遐窩青年旅舍,擁有獨特風格與舒適環境的遐窩青年旅舍在花蓮，遐窩青年旅舍位於花蓮市中心交通樞紐 距離花蓮火車站及客運站步行五分鐘，搭車前往太魯閣 七星潭 松園別館 東大門夜市 太平洋公園 慶修院等景點均相當方便，部分房型提供個人平面電視 感應式個人置物櫃 專屬閱讀燈 萬用插座...等，顛覆您對傳統背包客棧的刻板印象，溫暖的木質傢俱 黑色調的工業風裝潢，搭配溫間舒適乾淨，是間小而美的精緻旅舍，為避免二樓以上的房客們因為作息的不同而彼此干擾，貼心的主人，特意將公共浴室設置在一樓，藉此隔絕噪音，並將男女浴室分開，確保房客的隱私得到足夠的保障。在遐窩不但有著一般背包客棧少見的上下舖雙人房，也有八人上下舖房更適合讓團體出遊的年輕族群直接包房，在享受青年旅舍活力的同時，也能夠保有與朋友之間的私密性，不受外人打擾。在遐窩，沒有徹夜喧囂擾人的派對，只有渴望深入了解花蓮在地特色的背包客們。
有窩客棧 ,飯店運用大量金屬製品及木製家具營造出極具工業風的視覺美感。距離花蓮火車站有 600 公尺，飯店提供舒適的住宿環境，客人亦可在館內各處享有免費 WiFi。飯店內有許多令人驚豔的原創設計品。 距離松園別館或東大門夜市均僅 10 分鐘的車程，距離太魯閣國家公園則有 35 分鐘車程。極具設計感的客房均裝有空調，並享有城市景觀，另外還配有冰箱和平面電視。附設的私人浴室內配有淋浴設備，並備有免費盥洗用品和吹風機。部分房型設有浴缸。
喀嚓緩旅,"喀嚓緩旅的經營初衷，老闆William描述當年獨自前往澳洲打工旅行的歷程，走遍無數城市，住過無數青旅，他笑著說，幸運的是，最後他遇見了來自香港的Lily。\n
別於一般旅宿，喀嚓緩旅不只是一間青旅，也是老闆William和老闆娘Lily的愛情結晶，從門口的台灣國旗與香港區旗，大廳內各地攝影作品，到各房型的主題布置，都紀錄著兩人的旅行足跡，同時也見證著兩人的愛情。"
站前海民宿,站前海民宿位在花蓮市，提供免費無線上網。 附設腳踏車出租，旅遊服務櫃檯和快速入住/退房。旅館的房客可以多加利用附設的花園。民宿擁有8間客房，都附設各種設施，以確保旅客入住期間能夠感到滿意。旅館鄰近花蓮火車站，方便旅客探索花蓮市和周邊地區。 從住宿的座落地點到開車很快就到吉安鄉和新城鄉。
Arch雅砌美學公寓,雅砌美學公寓設有免費 WiFi ，提供舒適，迷人的現代化客房。距離松園別館 1.7 公里。部分客房可欣賞山景或市景。客房均設有獨立衛浴，內附淋浴設施，室內拖鞋和免費盥洗用品。房內亦配有平面衛星電視。
悅樂旅店‧花蓮,位於花蓮市，距離南濱公園海灘 1.3 公里，有免費自行車租借服務，免費私人停車位和共用休息室。這間住宿設有共用廚房，也有陽光露台。這間住宿全面禁菸，距離北濱公園海灘 1.5 公里。設有私人衛浴，且提供淋浴設施和吹風機，部分房間還享有市景。這間住宿的所有客房均有空調和保險箱。提供歐陸式或美式早餐。住客可以在花蓮市及附近地區進行各種活動，如騎自行車。這間住宿附近的人氣景點包括花蓮城隍廟，南濱公園（Nanbin Park）和東線鐵道遺址。最近的機場是花蓮機場，距離 OLAH Poshtel - Hualien 6 公里。
荷雅居石梯坪民宿,"光之魔術師─白天採光佳，建築為180∘廣角半圓設計，望向海邊視野廣闊，令人心曠神怡。\n
清晨日出，夜晚觀星，待在室內吹冷氣看電視的機會相對少了許多，達到節能減碳的效果。\n
早上的鳥叫聲及日出，吵醒睡夢中的人。這樣的蟲鳴鳥叫，天籟之聲，是在都市人生活中無法能享受到的。\n
而且親切和藹的民宿女主人還會親自做低碳，美味的早餐，非常好吃喔！"
太平洋渡假村,豐濱鄉(WHO認證的安全社區)，台灣最美海岸公路台11線49.6公里旁。此地為阿美族的原鄉，附近的貓公部落是全鄉最大的部落，附近有葛瑪蘭族，薩奇拉雅族，布農族散居 。在這裡，你可以享受悠閒愜意的濱海生活，也可以早起看日出，或者觀賞夜景與星空，除此之外，有時候還會有音樂晚會。
M.house旅宿,旅宿位於花蓮市，距離松園別館 1.5 公里，住宿提供帶免費 WiFi。民宿距離花蓮城隍廟有 200 公尺，夜市是 500 公尺，距離花蓮站 2 公里。
博愛泊心境民宿,博愛泊旅讀心境，位於古色古香的博愛街，且就位在花蓮金三角，公正包子，東大門夜市，花蓮文化創意園區等市區熱門商圈旁。5分鐘到客運站，15分鐘到火車站，20分鐘到機場，30~45分鐘到市區鄰近景點(往北太魯閣，七星潭，清水斷崖。往南縱谷區慶修院，慕谷慕魚，雲山水，鯉魚潭 。海線海洋公園，牛山呼亭，芭崎，石梯坪)，交通便利且位置優異。並且我們提供舒適的環境，及各種旅行規劃諮詢服務，還有一圓夢創業平台空間，如果有夢想歡迎來與我們分享，攜手合作，讓入境的你擁有不同凡想的特色旅程。
View Hostel 慮園 客棧,慮園客棧為60年代末期老式台灣建築改建而成，質樸簡單不花俏。樓層地板是老式的磨石子地板，在今日已不常見，整個客棧是走極簡的無印風設計，搭配大片的落地窗，所有房間不但明亮，窗外的街景即是面對花蓮市的新地標文創園區。客棧為4層樓建築，5個房間，盡可能的提供最大的空間給來這裡旅者。
船長不在家 背包客棧,一個很典型的背包客棧（包棟可30床），1樓有約20坪的交誼廳，可容納20 人。2樓有一個小攝影棚，可以拍美美的照片。老板本身是一個愛拍照也愛爬山的背包客，歡迎一起來交朋友！位於花蓮市，提供空調客房，距離北濱公園海灘 2.6 公里。這間住宿提供的設施與服務包括共用廚房，共用休息室以及全館 WiFi（免費）。這間住宿全面禁菸，距離南濱公園海灘 2.9 公里。每間客房都有附淋浴設施，吹風機和拖鞋的共用衛浴。附近的人氣景點包括花蓮天惠堂，花蓮火車站和美崙山生態公園。最近的機場是花蓮機場，距離這間住宿 3 公里。
旅行蟲背包客棧,台東都蘭旅行蟲青年旅館提供私人客房和附空調的宿舍房，距離台東市 16 公里，提供住宿服務，並可安排吸引人的陸地或水上遊覽活動。全館提供免費 WiFi，附近設有免費公共停車場。每間客房配有宿舍床位，舒適的寢具，個人燈和萬用插座。私人客房提供手巾和水壺。私人和共用衛浴均配有淋浴設施和吹風機。旅館提供免費洗衣設施。台東都蘭旅行蟲青年旅館是寵物友好型旅館，這裡也住有 2 隻貓。入住期間，客人可向當地商店租用衝浪板或皮艇享受大海。旅館還可以於晚上設置營火。除了水上遊覽活動之外，旅館還可安排經河流和瀑布前往秘密地點的旅遊。客人可能可欣賞成群結隊的猴子，五顏六色的蝴蝶和巨石中凝固的古老腳印。歡迎客人來體驗即興表演之夜。免費早餐每日供應吐司和茶。
東河民宿 狂衝浪店,"這個小小的鎮上 什麼都沒有 卻也什麼都有了，簡單我想就是滿分 遇見幸福!!Surfing七年級愛衝浪 愛旅行 愛自由 愛天馬行空的女孩一步一腳印 築夢很踏實 !夢想屬於自己的一個「家」就追著夢想旅行著～當(流)浪人，一眨眼十幾個年頭就過了，四處奔波的我，一直以來夢想著擁有屬於自己的家，好笑的是，喜歡到處停留，無拘無束的我，竟然第一個就選擇了離城市更遙遠的(台東)為落腳地!怎麼....我也很訝異! 它是個夢，是愛衝浪人的夢，是都市人的夢， 是一段旅行者的夢， 逐浪~築夢~組希望!圓一個夢，要多大的勇氣其實我並不清楚，只知道有夢就要努力的去追，因為有夢最美！人生就是要活得精采~\n
 
逐浪來到台東落腳處365天，天天在海邊看海的日子，「東河民宿」推開窗戶即可看到，一片廣闊的大海，房間裡就可以觀海，聽浪。在清晨時分，坐在陽台的坐椅上，靜靜等待太陽從海面緩緩升起的第一道曙光。傍晚時分，等候月亮悄悄的從海面浮昇起的美麗。 當深夜來臨，靜靜享受清涼的微風，及滿天的星海， 耳邊傳來陣海浪與昆蟲的協奏曲，熱鬧的夜已經展開。這裡的美…每一天都很想說給妳聽 用衝浪…點亮妳一天的開始…"
熱帶低氣壓衝浪民宿,熱帶低氣壓衝浪餐廳民宿，提供最優質住宿環境和豐富多元的餐點。住宿含有家庭式套房，雙人商務套房，景觀式套房，單雙人雅房，通鋪雅房，套房皆採用TOTO衛浴設備，也提共精致早餐，客房服務，MINI BAR。每逢冬天就會有東北季風來臨，台東的浪況會是全台灣最好的，如果你是浪人的話，我們有細心的衝浪導覽，如果你只是想來東河玩的話，不仿參觀台東海岸線的風景。夏天我們也有衝浪教學的項目，喜歡刺激，或是喜歡淳樸大自然的話，熱帶低氣壓會是最好的選擇。
台東都蘭 晃輕鬆客棧咖啡館 ,坐落於臺東縣東河鄉都蘭村的晃輕鬆客棧咖啡館，中文帶有一點台灣國語「晃」，是由日光兩個字所結合，意涵著都蘭充滿陽光與正能量！也意味著這邊的熱情與自由！希望每個有緣來都蘭旅遊的朋友們都能晃鬆與享受都蘭。
築頁衝浪背包客棧,位於東河鄉，距離東河海灘（Donghe Beach）只需走一點路，距離金樽海灘 2.4 公里。這間住宿提供的設施與服務包括共用廚房，共用休息室以及全館 WiFi（免費）。住宿有卡拉 OK和行李寄放服務。每間客房都有附淋浴設施，吹風機和拖鞋的共用衛浴。所有客房均有寢具。有陽光露台。這間住宿距離 Taitung Night Market 33 公里，距離阿美族民俗中心 6.8 公里。最近的機場是台東機場，距離 Page Surfing Inn 38 公里。
落花鉎背包民宿 (都蘭),衝浪者的手作避風港，率性的心隨著假日飄盪，搖下車窗，都蘭的氣息沿著台11線的海風吹亂妳的頭髮，撥放一張音樂公路電影，此刻什麼都是風景。而妳自由的旅行軀體終有停泊的風港基地，繞過懷舊的糖廠，都蘭大街上幾家林立熟悉的小吃店，轉過彎往山那頭去，在落花鉎，回到手作感般柔軟的海歸記憶。
都蘭朋友家,都蘭朋友家是一間獨特且具有時尚感的設計青年旅館，距離都蘭 A 公車站步行 3 分鐘，設有簡約餐廳和免費 WiFi。住宿附近亦設有免費停車場。客房均設有空調，並提供免費盥洗用品。廁所和衛浴均為共用設施。觀光旅遊櫃台的工作人員可協助安排觀光旅遊行程。青年旅館設有自助洗衣區，並提供公共休息室，可供住客觀賞電視節目或閱讀書籍。共用廚房設有微波爐和爐子。(原背包監獄，2021年改名為「都蘭朋友家」) 跟世界交朋友，也是旅人們在都蘭朋友家是背包客棧，跟一般的民宿不太相似，部分設施是需要與室友共用。
美好東河咖啡民宿,《美好東河咖啡民宿》建築前身是自來水工作站老闆將老房子空間重新利用，結合慢活，小農，咖啡，甜點打造全新東河印象，一段美好假期就此展開，設有露台，餐廳以及附戶外休息區和 WiFi（免費）的空調住宿，距離東河海灘（Donghe Beach） 300 公尺。每個房型都設有烤箱，微波爐，咖啡機，爐子和電熱水壺。部分房型有衛星頻道平面電視，設備齊全且附冰箱的廚房，以及附淋浴設施和免費盥洗用品的私人衛浴。 提供租車服務。這間住宿距離金樽海灘 2.4 公里，距離 Taitung Night Market 33 公里。最近的機場是台東機場，距離 Mayhow Donghe 37 公里。住宿提供付費機場接駁服務。
途中·都蘭 青年旅舍 青年旅館,"途中都蘭的定位是青年旅館，全館只有公共衛浴，且這是鄉下老房子，若您希望住一間現代化，雅致，裝潢厲害的飯店或旅館，可前往臺東市挑選。都蘭不只是衝浪天堂，多數人是為了「慢活」而來，這裡能放慢步調閱讀，寫作，飲酒，若您也認同「都蘭style」。都蘭是一個慢活天堂，它很平凡，卻能讓你忘掉都市的喧囂與繁雜心情，晴天可以去海邊曬太陽，衝浪，雨天可以躲在溫馨的背包客棧閱讀，寫作，追劇，來過的背包客都覺得Chill。此外，這裡離台東市區只有30分鐘車程，進城採買，逛街，看電影，吃大餐…相當便利，堪稱海線機能最佳的村落。\n
途中都蘭的前身叫「背包狗」，是都蘭史上第一間背包客棧，原經營者Kai和Party在2010年把紐西蘭背包客棧的味道帶進這空間，當年這裡只是個鄉下老空屋，他們一手改造成現今溫馨的青旅。11年過去了，他們譜出來的都蘭圖畫已完成，現在的背包狗已搬家到台東市區（地址台東縣台東市文化街10號）\n
 途中都蘭的定位是青年旅館，全館只有背包房，單/雙人雅房及公共衛浴，由於每位房客的作息都不同，除了請晚睡的您放低音量，本館也提供免費耳塞（在老衛浴旁邊），良好的住宿品質需要你我一起維護。"
螺絲釘民宿,每個人心中的某一角 都期待著一種歸屬感，螺絲釘民宿主人 一直嚮往簡單生活，親近自然的鄉居夢，十三年前偶然來到東河衝浪，在海裏看著馬武窟溪口，瞬間被這樣渾然天成的景致給吸引住，於是那刻起心裡就有了個夢...
小心沙發SUP立槳背包客美食空間,"小心沙發是一個部落聚點，為大家在部落裡有個相聚討論發想的空間及各種資訊交流站。(2019/04/01低調開幕)\n
前身早期是部落第一間雜貨店，可說是當時候的家樂福，聽老一輩子的人說美山商行是許多老少青年聚守觀看棒球的幸福時光，(美山商店1967-2017)，後期因身受人口外流，少子老化，消費型態的改變，進而轉型為部落的活動聚點。\n
Logo意象-五個釘子部落的長輩(敬老尊賢)，部落的青年(習學的對象)，部落的幫工者(mipaliw)，來此地的旅人(資源分享)，小心沙發(提供的聚落點) 串連出一個活動會所。\\n
小心沙發誕生名稱最先由『沙發衝浪』（Couchsurfing）愛好者-小心(沙發主)所提供的場合，回鄉之後發現要讓這個部落先有活力的來源就是先從旅人型態慢慢轉化成活動空間，熱愛沙發衝浪的小心順勢因此名命。\n
空間使用增加輕食販售，分享會空間租用，旅人中途休憩站及活動創意企劃，簡易攝影棚，失戀收容所，一人生日慶生會所，小型書店，公車招呼站，澡點服務。\n
空間容納度最多十二人 最少一隻狗(店狗-彎彎)"
那邊背包客棧,那邊背包客棧，距離 Taitung Night Market 7 公里，有附空調和 WiFi（免費）的客房。這間住宿距離小野柳 800 公尺，距離台東加路蘭海岸 1.9 公里，距離臺東森林公園 5.6 公里。這間青年旅館距離台東濟公堂 6.2 公里，距離台東故事館 6.4 公里。所有客房均有寢具。那邊背包客棧距離 Taitung White House 6.4 公里，距離台東忠合宮 6.6 公里。最近的機場是台東機場，距離這間住宿 12 公里。
海景擁月星宿民宿,"台東民宿‧擁月星宿位置坐落於往返花東的交通要道-台11線(花東海岸公路)上，不但交通便利，更擁有明媚的山海景致。\n
步出民宿大門，穿越馬路即可輕鬆抵達遼闊的海岸，一望無際的太平汪洋搭配婆娑搖曳的椰子樹，完全展現如南洋般的悠閒風情。\n
「台東民宿‧擁月星宿」不僅僅提供乾淨高雅，舒適溫馨的客房空間，寬敞的園區更備有可供休憩的庭園雅座。\n
旅人們可以在這裡伴著海景，歡笑閒談。孩童則可在大草原上嬉戲追逐。\n
您也可以牽著家人的手，一同沿著園區規劃的觀景步道慢行，全覽欣賞倚山面海的優美景緻。"
海水藍民宿,"海水藍民宿(aquamarine)名稱的由來，相傳台東都蘭山具有豐富的藍寶石礦脈，其中少數被開發出來具清澈透藍色澤，顏色接近碧海藍天的寶石，在國際珠寶界被稱之為頂級”海水藍寶石(aquamarine)”。\n
海水藍民宿恰巧依偎在都蘭山腳下的杉原海灣旁，向外望去映入眼簾是陽光灑落在廣闊太平洋上，海面就如同就像數以千計的寶石閃爍著。\n
漫遊在花東海岸，一陣海風吹拂過身旁，在這裡品味著海洋的氣息，浪花拍打在礫石海岸的聲音不絕於耳，海水藍歡迎旅人們帶著自在的心情，來體驗美好的一天。\n"
台東木頭魚民宿,"「台東木頭魚民宿」位置座落於風光明媚的海岸公路上，不但南北交通往來便利，景色更是一絕。倚山面海的絕佳位置，帶給旅人滿目的疊翠綠意和遼闊的蔚藍海景，同時滿足您兩大視覺魅力，清幽無比的舒適氣息，更提供來訪的旅人遠離塵囂，自在舒壓的優質渡假環境。\n
「台東木頭魚民宿」新穎的空間格局，以檜木做為裝飾元素，並以此製做手作家具及創意藝品，為整體空間營造出獨具風味的南洋風格和悠閒風情，也讓旅人奔波的心情更加平靜而踏實。明亮的客房空間寬敞，舒適，格調簡潔而幽靜，展現出一種東台灣特有的淡雅寧靜氣息。"
黑足民宿,"那一天 晴空萬里，背上行囊，一步一腳印，或許人活著就是為了走出時間的軌跡，無論記憶是否燦爛，酸澀，喜悅，孤單。\n
來台東歇腳不要忘了黑足民宿，從富岡漁港出發到綠島潛水，蘭嶼看飛魚季，可以將愛車寄放在我們的停車場，幫你顧好好不用曬太陽。"
東岸民宿," 繁忙的生活，緊湊的步調，這是城市生活的最佳寫照。待久了擁擠的城市，台東好像是讓人放鬆喘息，感受輕旅慢活，製造小浪漫的最佳旅行地！\n
「東岸海景民宿」位於風光明媚的東海岸公路上(台11線137k處)，不但南北交通往來便利，景色更是一絕，沿著東海岸台11線觀賞美麗湛藍的雙色海，一年四季裡呈現各種不同風貌。\n
「東岸海景民宿」倚山面海前有黑色沙灘，享受漫步在沙灘上，帶給旅人遼闊的天海一色蔚藍海景，清幽無比的舒適氣息，自在舒壓的優質渡假環境，回味無窮，讓您依依不捨~"
大姆灣民宿旅棧,"位於台東都蘭的大姆灣旅棧，有著依山傍海的絕佳景色，安靜舒適的居住空間，民宿內精緻的裝潢擺設，加上周週純淨無汙染的生態環境，讓您享受最純粹最美好的假日時光。\n
Tamo'wan是阿美族語的地區名稱。屬於都蘭部落的傳統領域，據說這裡以前是種植甘蔗的地方，出產的甘蔗再送到糖廠製成各式糖製品，早期大家都在這塊土地上辛勤工作。而在糖產業沒落之後，家人們決定在此建立這間美麗的旅棧，讓家中的老人家可以在此度過悠閒的日子，另一方面，希望能讓來此住宿的旅客們一同感受這塊土地的美好風光。"
東河海王子民宿,我們夫妻辛苦的省吃儉用，花了三年終於蓋好的海王子民宿，就位於朗島村的港澳上方。因此對面就可以跳港玩水， 用走的就到囉，愛跳幾次就幾次！朗島部落地利之便，往右邊看就是日出，往左邊看就是夕陽，民宿對面還有廣場，可以傍晚吹風，夜間賞星，加上一樓經營的海王子餐舍，更有不容錯過的海鮮大餐喔。
都蘭城民宿,「都蘭城」民宿位於台東縣東河鄉，每年7月會舉辦熱鬧非凡的阿美族豐年祭，屆時會有連續3日的精彩豐年祭表演，誠摯邀請您一同來共襄盛舉，擁有不一樣的暑期回憶！另外「都蘭城」鄰近熱門景點協天宮(天上聖母)，水往上流，泰源幽谷，都蘭遺址，都蘭國小，新東糖廠，杉原海水浴場，伽路蘭遊憩區喔！
山海都藍,面向綠島的南島渡假風合法登記金銀花農場，以自然無毒農法植栽約 1200 多棵金銀花和各式香草植物，歡迎來體驗金銀花之旅，喝著金銀花茶或冰涼的氣泡金銀花露吹著海風遠眺綠島。絕美的山海景色，自然和無毒（ ROHS）生機盎然的環境，種滿救人的忍冬－金銀花，和超級養生抗癌的蝶豆花，在夏夜和早晨空氣中彌漫著陣陣花香撲鼻而來，詩曰蛙鳴潮聲相伴入眠，日出鳥語照喚屋前，山林海景近在咫尺，山產海產隨意隨緣。
都蘭紅瓦厝民宿,我們位於東河鄉都蘭村內，剛好就在都蘭國中旁，地理位置及交通便，由台11線省道到民宿不用5分鐘。\n 民宿有寬廣的庭院及停車場，更有民宿主人的父親細心栽培的有機水果和花草樹木，民宿前方正對綠島，好天氣可以一覽無疑，晚上可在觀景台抬頭仰望星空更可看到綠島的燈火，早上可以在前方觀景台享用早餐，可邊吃早餐邊看海看山，鄉下的空氣又清幽，蟲鳴鳥叫花香處處。\n如果您計畫到台東走走，厭倦了都市的吵鬧，想往鄉村走走，不仿選擇都蘭紅瓦厝民宿，讓您有不一樣的體驗。
金地亞哥民宿,"關於金地亞哥民宿介紹\n
台東市個好山好水的地方，一個靠近金樽的小民宿，位於台11線上的134.5k處，希望帶給有緣來遊玩的朋友們，一個舒適安靜的地方休息。\n
金地亞哥民宿座落於東河，入住這裡，您就鄰近海灘，開車 5 分鐘即可抵達金樽觀景台和金樽海灘。 此旅館位置絕佳，從這裡開車 4.9 公里 (3.1 英哩) 可以抵達金樽漁港，開車 6.5 公里 (4.1 英哩) 則會到東河橋遊憩區。"
晨天長光,位於長濱鄉，提供 WiFi（免費）。住客可以使用花園，共用休息室和露台。部分房型設有享市景的陽台，設備齊全的簡易廚房以及附淋浴設施的私人衛浴。 距離瑞穗火車站 41 公里，距離阿美族民俗中心 41 公里。最近的機場是台東機場，距離這間住宿 85 公里。
小阿姨野花,台東長濱民宿-小阿姨野花民宿，在這小阿姨做了一個大陽台 最衷就是想給旅人一個來到這裡有個坐坐聊聊 發發呆 很放鬆或是可以看看星星瞭望大海的地方。這裡有一條可媲美伯朗大道的“金剛大道” 一條很筆直的產業道路像是直通到太平洋 山海呼應的梯田美景。單車，健行，環島，背包客的好選擇！
灰黑橘黃民宿,"在台東長濱的海岸線旁，筆直的道路，疏落的民宅，一整棟黑色的建築，在海邊，沉靜而遼闊，懼鬱卻又祥和，這是灰黑橘黃。這裡不宜喧鬧遊樂，請安靜準備自己，與天冥想，與海禪修，妳將感到世界的巨大與自我的渺小——「海市蜃樓，恍如隔世」，灰黑橘黃，無盡，卻也空靈。\n
主人故事\n
關於旅宿主人的動人故事，高姊．感知生命自我的哲學藝術家，「如果妳旅行過夠多地方，就會知道最好的台灣。」海風吹過，高姊推門走入分手巧克力的大廳，她一頭清簡的短髮，一身黑色衣著，寬大的墨鏡底下看不見眼神，看似有著藝術家的神祕，但當我們坐在大桌旁，她把最近做的巧克力拿給每個人，談起年輕時瀟灑於世界的旅行，對於自我的追尋，露出溫暖的笑容，一如沙漠風情，灰黑橘黃，於那樣沉穩的深色裹著柑橘般的亮黃，豐富著生命的光彩。"
棕萊民宿（在地人自營）,民宿距離金剛大道約一公里，依山傍海可近看金剛山及遠眺幅員遼闊的太平洋，傳說中的「海天一線」可一飽眼福。棕萊民宿位於忠勇金剛山附近，前面看的到大海，後面看的到山，為了旅客的方便還提供共用廚房。有共用休息室和烤肉設備，可以烤肉，抓蝦。每個房型都設有私人衛浴和淋浴設施，空調及平面電視。
綠島涵館TUBE18,TUBE18位於綠島南邊龜灣鼻，專業的潛水訓練教學會館，這裡有提供潛水證照考試與套裝潛水行程，客房有60床男女分開的膠囊式獨立艙房，及7間海景雙人套房，我們的宗旨是，讓所有潛水愛好者以及熱愛綠島這塊土地的朋友們，能擁有最舒適的環境可以休憩，我們會用最熱情的方式來接待每位賓客。
綠島熱浪潛水中心,綠島有美麗的大海 ，在寧靜的小島上，感受大海的心跳，呼吸內心的聲音就等你！開始旅行尋找，最純粹的美麗與海島熱血的青年譜出一段夏日的戀情！來綠島就是要潛水！你有在海裡呼吸過嗎？綠島大海的清晰度，絕對讓你永生難忘，歡迎來綠島熱浪潛水中心
CoolDiving Hostel｜背包輕旅｜潛水課程｜活動行程｜,"在蔚藍太平洋上，經由黑潮的孕育而生成，由色彩繽紛的珊瑚礁，清澈透光的海水，多采多姿的熱帶魚群所環繞的一座綠色小島——綠島。這美麗海域，同時也孕育出一群被大海魔力所吸引的年輕人。「庫達潛水」就是由熱愛這座島嶼，熱愛潛水的年輕人所成立的。\n
「庫達」原是綠島一種稀有且特別的海馬名字，從前在水深三米的中寮漁港就能發現牠的蹤跡，但因為開放觀光所帶來的人為破壞，導致庫達海馬一度瀕臨絕種。後來經由我們的努力，終於讓庫達海馬重回港區。為了紀念這段復育背後辛苦的過程，所以我們決定以海馬的名字「庫達」，成立了「庫達潛水」。\n
我們的夢想是要讓更多熱愛海洋，喜歡潛水的朋友，可以藉由我們的專業教學及帶領，更加認識台灣—原來有一個不輸給國外的美麗小島—綠島。同時希望藉由潛水這項休閒，讓更多人體驗綠島的海底世界，認識孕育我們的這片海洋，並且宣導海洋保育的觀念對我們，對地球的重要性，就跟著我們一起潛進神秘的內太空世界吧！"
好朋友潛水渡假旅宿,"「綠島‧好朋友潛水中心」便於公館村內，距離柴口浮潛區只需步行可到，便捷的地理位置是您來到綠島潛水的最佳選擇！\n
擁有國境內最佳潛水去處之稱的綠島，有著變化多端的海底地形與繽紛多姿的海洋生態，加上平均30至40公尺的能見度，是國內外喜愛冒險，探索大海的旅人朝聖之地，不僅水下世界精彩，在海面上也有著令人驚艷的美麗景緻，山巒綿延與藍天白雲勾勒出宛如世外桃源的清幽景色，島上奇岩怪石繁多，也保留著在地特殊文化，充滿著熱情的海島度假氣氛。"
火燒島潛水度假中心,"「綠島民宿火燒島潛水渡假中心」PADI五星潛水度假村，位置接近綠島民宿航空站，綠島碼頭和熱鬧的市區，提供PADI綠島潛水系統潛水課程教學，潛點導覽，船潛安排及裝備租用等活動。\n
「火燒島潛水度假中心」位於綠島南寮村，位置接近綠島航空站，綠島碼頭和熱鬧的市區，旅人們可騎著機車，迎著暖和的微風，沿著環島公路騎乘，造訪哈巴狗與睡美人岩，中寮漁港，綠島監獄，綠島人權紀念公園，觀音洞…等熱門景點。您也可到朝日溫泉泡湯，享受難得一見的海底溫泉，來場綠島全覽之旅。\n
外觀以白色為主，充滿設計感的特色外觀，搭配藍色的窗框和綠意的小巧庭園，更加襯托出綠島天空的湛藍，展現希臘愛琴海般的特殊風情和休閒意境。旅店提供雙人及四人套房，另有背包客房型和包棟服務，客房裝潢新穎，格調簡單高雅，帶您深入貼近綠島的優雅寧靜。想要盡情體驗綠島民宿的精彩， 火燒島潛水度假中心絕對是您的最佳旅伴。 0.2 km之外便是市區內最繁華的地段。住宿位置優越讓旅客前往市區內的熱門景點變得方便快捷。在這家舒適的綠島住宿中享受尊貴的服務與設施。 住宿的主要設施有所有房型皆附免費WiFi， 汽車充電站， 每日客房清潔服務， 可代收包裹， 郵寄服務。\n
在這裡，您能真切的感受最極致的舒適住宿體驗，部分客房提供平面電視， 地毯， 清潔用品， 免費即溶咖啡， 免費茶包，給住客更完整的服務。 住宿配備了登山步道， 水上活動設備租用， 浮潛， 溫泉， 潛水等娛樂設施，必定能讓您流連忘返。 火燒島潛水度假中心是來綠島探索城市魅力，放鬆身心的理想住處。
"
台灣潛水 綠島店,"關於我們 | 台灣潛水綠島店\n
海人一生一定要來不只一次綠島，潛不只一天的水。最好是能待上半月半載，好好感受島上島下的風華絕代。追尋這股對綠島玻璃水和豐富生態與地形的迷戀，海人們來到島上，玩耍，旅行，落地生根，成立台灣潛水綠島店，想把最美好的綠島海洋，帶入你的生活中。\n
Bring Ocean Into Your Life.潛入海洋，潛進綠島。祝大家都是快樂的魚兒富翁！"
浪漫潛水,"品牌故事
因為投入運動教育，從一位專業體適能，游泳教練，更晉升為水域全能專家，一路教導無數學子從運動中學習健康，讓學員享受水域休閒活動，開拓人生視野，進一步專業培訓更多種子，培養有興趣致力海洋運動的學子蛻變成長為教練。\n
期許並期待能讓更多人，藉由專業，安全，健康，正確的管道學習潛水活動。讓所有人能看見這顆美麗的藍色星球在水下精彩的樣貌。也推動讓更多環境保護的種子發芽，讓大家關注愛海愛地球，為下一代繼續努力，共同維護這絕美的海洋風景。"
藍洋潛水訓練中心,"藍洋潛水是五星潛水教練培訓中心，2013年成立，位於蘭嶼鄉椰油部落，緊鄰開元港旁。提供完善的潛水裝備，舒適的裝備清洗，吊掛設施，讓每個來蘭嶼潛水的遊客，更能妥善照顧個人的潛水器材。\n
使用德國Bauer空壓機並具備多段過濾的壓縮空氣，確保潛水過程的乾淨氣體，並經由電腦控制的混氣設備，更準確的充填高氧，氦氮氧三合一氣體，讓技術潛水學員能充分的感受深海與身體的包容感，所設計的潛水計畫。\n
藍利亮教練為SDI，TDI系統的教練訓練官，有 30 年潛水資歷，於2002年開始在蘭嶼從事潛水服務。持續培訓及教育當地青年，潛水員訓練至教練養成培訓從認識海洋到保護海洋，並輔導其進而從事潛水產業。藍洋潛水，除了潛水服務，也提供遊客住宿的空間 位於便利的椰油部落，距開元碼頭走路三分鐘步程，離機場二十分鐘車程。\n
 藍洋潛水，除了潛水服務，也提供遊客住宿的空間 位於便利的椰油部落，距開元碼頭走路三分鐘步程，離機場二十分鐘車程。  民宿客房共有四間套房，房間簡潔舒適，環境依山面海，整潔明亮，最多入住十四⼈。 客房在二樓，有雙人房二間，八人混宿背包房一間，三樓也是八人混宿背包房一間(但僅提供二個床位)。"
綠島海角樂園水上活動中心,海角樂園提供您多種綠島水上活動，不論您是喜歡潛水還是水上海釣等，都可在這裡一次滿足！
聯慶愛潛水 ,"俗稱火燒島的台東縣綠島鄉，不僅擁有一望無垠的絕美海灣風情，更有世界聞名的海底溫泉，讓旅人能夠盡情地潛水欣賞海底景緻，而「綠島住宿‧聯慶潛水莊園」便位在這海上明珠之中。\n
「綠島住宿‧聯慶潛水莊園」城堡般的外觀就像來到了魔法學院般，令人驚艷，綠草如茵的庭園與晴朗的天空連成一氣，散發著悠閒的度假氣息。莊園內以麋鹿為主題打造出雪中森林的氛圍，為旅人開啟美好假期序幕。\n
「綠島住宿‧聯慶潛水莊園」內備有二到六人的各式主題套房，不論是甜美可愛的Kitty房或是可看見無敵海景的Vip套房皆任君挑選，更有乾淨舒適的背包客套房供旅人選擇。莊園內也貼心地準備各式活動讓遊客參與，讓來到「綠島住宿‧聯慶潛水莊園」的旅人能夠在此寫下難忘的旅行篇章。"
私家潛水旅宿,"私家潛水旅宿S+Home位於綠島柴口區，是由綠島海底郵差山姆夫妻所開設。「S+」就是代表名字字首都為S開頭的夫妻主人呦！綠島是一個夢幻的度假天堂，不需要出國，就可以享有馬爾地夫般的絕美度假勝地 ，綠島更是台灣最多潛點的潛水勝地，每年更是吸引許多潛客來綠島潛旅。「私家」擁有寧靜悠閒的環境，如果來綠島潛水旅遊，保證你愛上這裡！順帶一提，私家的兩位主人都是綠島很專業的潛水教練呦！\n
​●綠島私家提供以下綠島旅遊服務​\n
綠島潛旅，綠島住宿，綠島旅遊，綠島秘境探險，綠島浮潛，綠島潛水，綠島體驗潛水，綠島潛水考照，綠島潛水旅遊，綠島SUP體驗都在私家潛水旅宿！來綠島潛旅之餘，私家還有提供綠島隱藏版美食鹹水雞，因為是隱藏版的，沒有天天有，歡迎提前詢問預定！"
綠島極光潛水,「綠島極光輕旅」提供一條龍的服務，不論是代訂船票/住宿安排又或是摩托車租賃等，民宿都能為您服務。而水域套裝行程，包含著體驗潛水/浮潛/ＳＵＰ立槳/藍洞秘境跳水/海釣/玻璃船/夜間導覽等，擁有合法專業教練，並投保水域相關責任險等，讓每位客人都能玩得安全又開心，盡情享受精彩多變的美好旅程。\n「綠島極光輕旅」為合法安全民宿，一樓公共空間提供著舒適大沙發及65吋大螢幕，飲水機，洗衣機/烘衣機等，二樓設有保險櫃可供使用，而三樓則是海景客廳並搭配65大螢幕電視，不論是想在此追劇，上課或聯誼等，都能滿足旅人的需求。民宿房型為北歐簡約風格，共分有雙人房，四人房以及背包客房等，房內設備完善，背包客房以獨立且附有遮光簾的床位區隔，並在床座裝置有USB雙插孔設計，貼心又便捷。
海子・Ocean Rover 綠島潛水旅宿,"位在柴口附近，以幾間咖啡色系的貨櫃屋拼湊而成，並與木質裝潢結合，讓人會有像是間小木屋的錯覺，背臨著綠意盎然的小山脈，散發著清新怡人的大自然氛圍。\n
昏暗的工業風室內裝潢，在深淺的灰色系與旅宿主人的收藏品搭配下，更添加了些溫馨感。室內格局看似迷你，卻五臟俱全，大廳提供了廚房設備，吧台以及桌遊，讓住客們即使呆在旅宿，也能在這小空間裡更加認識彼此，增添旅行的趣味。\n
提供 PADI 開放水域潛水員課程套裝，有照休閒潛水以及 PADI 高氧空氣潛水員課程，更有提供適合無經驗者的水肺潛水課程！最大的優點是，旅宿的教練們還擁有高質量的潛水拍照技能，想拍出美美的潛水照那可就別錯過這間旅宿了！"
"Oceanian 綠島自由潛水背包客棧 Green island,Taiwan","OCEANIAN是一間結合綠島自由潛水的青包客棧，提供住宿，課程，裝備還有一切與海洋相關的活。OCEANIAN這個名字是我們自己定義的，意指來自大海的人，一群在海邊生活的人。歡迎所有人加入Oceanian。在海邊有一個家。\n
Logo的設計結合了海浪，鯨魚還有海平線上的日出三個意象。我們的理念是希望讓來到這個地方的人們都能卸下他們的重擔，在這裡享受最純粹的海邊生活，感受大海賦予海人的自由。"
島潛,"我們提供多種潛水服務以適合不同潛水程度的你。想體驗在水裡呼吸到底是什麼感覺嗎？想一探海底世界的風光，既心動又有點緊張？建議您先來試試體驗潛水吧！\n
已有證照的您，旅遊潛水將帶您探索綠島豐富的黑潮珊瑚礁環境；能見度更是台灣其他潛點難以體驗的。綠島也是適合想考取PADI開放水域課程（OW）和進階開放水域潛水課程（AOW）的絕佳去處，更多資訊點擊課程連結就能看到囉。"
Goods dive,"Gary教練\n
一個當了9年的職業軍人，曾經以為自己什麼都不會，對未來感到茫然，以為這輩子就要這樣將就，但在29歲那一年，想要掙脫一成不變的乏味生活，從一個不會游泳、不會半句英文、沒有任何專長的人，決定勇敢一次，克服心中恐懼成為潛水教練。\n
Daisy教練\n
有些地方，就是能讓人一眼愛上的存在，我想恆春就是那樣的地方。一個有山有海、有古城、有溫泉的存在。所以像是某種安排，我們成為恆春人，這段日子以來，為了讓「好好」能成為我們心中想要的樣子，我們常常意見不合，爭執不休，心力交瘁也成了日常，習慣旅行流浪的我們這才發現，原來有個地方能夠遮風擋雨，讓你躲在角落，是那麼不簡單。\n
原來這個地方，叫做歸宿。\n
邀請你們跟我們一起，一起好好生活，好好潛水，好好的過著自己喜歡的日子。"
水青潛水旅宿,位於綠島鄉，距離石浪海灘（Shilang Beach）不到 1 公里，距離中寮海灘（Zhongliao Beach） 2.3 公里，提供 WiFi（免費）和空調，開放花園供住客使用。 住宿提供設備齊全的私人衛浴，附淋浴設施和吹風機。 水青潛水旅宿 Water Blue 提供租車服務。住客可以在附近健行。 這間住宿距離綠島燈塔 2.4 公里，距離綠島人權文化園區 4.5 公里。最近的機場是綠島機場，距離水青潛水旅宿 Water Blue 1 公里。這間住宿提供付費機場接駁服務。
綠島·潛界 ,店家無提供此相關資訊
安全停留潛水中心,我們位於柴口靠海的綠地，佔地三百坪完全從零開始打造的全新家園， 鬧中取靜， 除了完善的潛水中心之外有三間上下舖的冷氣房(兩人，四人和六人)， 兩間衛浴， 三間浴室， 我們的水源是完全自然的地下水， 水壓強， 熱水很熱， 冷水很涼， 任君調整水溫. 寬闊的屋簷下有四套八人座南方松公園桌椅(老闆親手打造) 洗衣機晾衣區讓長住的客人每天有新鮮的衣服穿。空調的廚房有大冰箱， 瓦斯爐， 兩大飲水壺， 熱水壺， 烤箱， 微波爐， 兩台大小電鍋， 兩台電磁爐， 充足的鍋碗瓢盆， 外帶三用桶仔雞烤爐和串烤爐各一組......等應有盡有。我們唯一的要求只有請使用者保持廚房清潔， 愛護使用電器鍋碗， 清潔歸位和垃圾分類。每次潛水中間都會有水面停留時間來排放體內累積的氮氣，潛水員們可以趁著水面停留時間來談天說地，聊潛水、聊生活，在每一趟潛旅或者不潛水的日子，大家也是在執行水面停留，希望我們能讓有共同興趣的人們時常聚在一起，無論是分享潛水樂趣，或者暢談生活點滴，可以讓每位潛水員都像家人一般聚在一起。
綠島野蠻紮實潛水社,"『紮實訓練，潛的安心、玩得開心』\n
一直都是野蠻對所有學員的『初心』。\n
野蠻紮實潛水訓練中心，創立於2015年，坐落於台灣台中市。\n
發起人黃總教練，一位充滿熱忱的義消人員，在搜救中遇見潛水，為此極感興趣，因而打造「野蠻紮實潛水訓練中心」這家潛店，不僅想培訓更優秀的救援人才造福社會，也想讓熱愛潛水的大家，有個休憩交流的溫馨小屋。"
綠島-飛航模室潛水旅宿 ,"不少客人會問我們店名為什麼叫「飛航模室」？是因為老闆是退役機師或空服員嗎？\n
其實我們本身與航空業並沒有太大關聯，當初命名是因為我們的地點位於綠島機場旁，希望來到這裡的每一位客人都能放下3C產品，好好放鬆潛水、享受小島的慢生活，因此取名「飛航模室」。"
綠島 海遇潛水,"兩個教練，一間潛店，一些床位，一些秘境，等一些朋友來 因海而遇\n
我們在離海三分鐘的中寮221號，前面有山，後面有海，騎車5分鐘至南寮市區，沿途經綠島主要熱鬧精華地段，是一個最舒服放鬆的空間，保留你們在小島的另一個家。"
Koh ocean · 嶼海 綠島自由潛水旅宿,"Koh ocean是一間結合自由潛水，水肺潛水的工作室，提供自由潛水教學，考照，住宿，行程與各種探索活動。\n
我們想打造一個海人們能盡情享受大自然美麗與海底自由的地方，既使你生活在都市，也能在這裡有一個溫暖且放鬆的空間。"
綠島海灣會館,"綠島海灣會館是由3個愛好潛水及自行車暢遊的臺中人所成立的，成立的宗旨是讓所有愛好潛水及騎行者在綠島有1個最優質的休憩環境及最提供最安全，舒適，安心的潛水設施，讓所有愛好潛水的潛客能在海灣得到最放鬆的心境，及最優質的住宿品質。\n
生命的起源來自海洋，人性的平靜來自深藍,回到生命的起源綠島海灣，體驗無重力極致空無寧靜的內太空，享受生命的最初。"
綠島微風潛水度假中心, 「綠島微風民宿」曾帶給許多到此遊玩的旅客們很多美好的難忘回憶。為了讓更多的旅人擁有更多美麗的綠島回憶，特別於2013年成立「綠島微風潛水渡假中心」，本店位於綠島著名潛水景點「石郎浮潛區」對面.我們擁有多位全職的PADI潛水教練，提供一系列的專業潛水課程與國際品牌的潛水裝備，完善的教室及視聽設備、專業的教練、細心規畫的多元課程，讓初學者及符合資格的潛水員能享有全年全天候的教育服務。就算沒有潛水經驗，您也能在經驗豐富的教練陪同下，安心悠游在蔚藍的綠島海域。我們提供遊客全方位的綠島旅遊服務，除了休閒潛水觀光行程、專業的潛水課程和教練課程，更提供住宿及接送服務。
佈拉咖潛旅,佈拉咖熱情的青春，總該好好把握每一個時光…走吧～前往湛藍海島中釋放青春的無限能量吧！
綠島玉米-潛水住宿,"位於台東縣的綠島鄉，靠近石浪海灘（Shilang Beach）和中寮海灘（Zhongliao Beach），提供 WiFi（免費）和免費私人停車位。\n
綠島玉米-潛水住宿 Diveholix Homestay 距離柴口海灘（Chaikou Beach） 2.6 公里，距離綠島燈塔 2.1 公里。最近的機場是綠島機場，距離這間住宿 1 公里。"
海島旅人,「綠島‧海島旅人」佇立在這有著世界聞名海底溫泉的小島上熱情地歡迎著您的到來，這裡海底世界精彩豐富，湛藍清澈的海水加上滿滿魚群與繽紛的珊瑚等都讓潛水旅人趨之若鶩，而除了水上活動外，綠島也擁有豐富的人文資產和奇岩峻石，讓無論各種組合的旅人都能在此享受到海島獨有的漫活步調，盡情地放鬆身心，徜徉於藍天白雲的懷抱之中。
綠島快樂潛水民宿,"喜歡看海、放空的我倆無意間接觸到了潛水，進而造就了 ~ 綠島快樂潛水民宿！！\n
人，一旦有了夢想、有了目標、行動力量就會往前挺進；動機越強，遇到困難越能突破它，目標一旦完成後將會是滿滿的成就感 & 喜悅！！！\n
PS：蓋房子是一件超級累人的事，尤其又是在離島，但如果可以，我倆願意再接再勵繼續蓋第二棟、第三棟⋯。然而充滿挑戰的我倆竟又造了一艘全新的船⋯很意外嗎!?哈哈⋯一點也不⋯⋯因為這樣才能全方位的服務我們的朋友!!!\n
因為我夢想中的民宿，客人不只是客人，是家人也是朋友! 用我想要如何「被對待」的心來款待每位客人⋯希望大家都能全然的放鬆、享受這寧靜、安逸的美好時光⋯更能盡情的擁抱這碧綠的海洋，放慢腳步真切感受海風吹拂而過的悠閒時光，做個快樂的主人！\n
在綠島每個月份都有屬於自己的生活步調，一年四季都有不同的玩法、不同的景緻，不同的面貌呈現，讓您可以更盡情的擁抱自然、釋放壓力！快樂是家庭的重要架構，也是人生中不可或缺的情感⋯而這將會是您在綠島的家、溫暖且充滿活力！！！"
月光城堡潛水中心,「綠島潛水中心‧月光城堡Moon's Diving Center」位於綠島南寮漁港，擁有便捷的交通位置，距離熱鬧的商業街道只要分三鐘即可抵達，前往綠島機場約五分鐘，不論是搭船或搭機的遊客們，都能夠以最短程、最便利的交通抵達潛水中心，擁有更多自主玩樂的空閒時間。在月光城堡潛水中心你可以開始您的PADI潛水課程、考照或體驗潛水，等您來親身體驗喔！
過日子民宿&綠島阿禧潛水俱樂部,在這裡你可以輕鬆地曬著太陽，吹著微風，聽著遠方傳來的大海信息，享受著愜意的生活，讓你忘卻的所有煩憂。而這裡不僅有著讓世界驚豔的海底世界與溫泉，更處處充滿人文歷史遺跡，不論是喜愛刺激的冒險家或是熱愛古蹟的文青都能在此滿足您一顆愛旅行的心。位於公館村內，鄰近柴口浮潛區，以清新自在為主軸打造出無憂的氛圍，讓人可盡情地在此解放身心。想在綠島渡過一個無憂無慮的美好假期時光嗎？歡迎您入住「綠島住宿‧過日子」，讓「過日子」陪你度過每一個幸福時刻。
海街日記- 綠島潛水旅宿,"希望每個來的人們，都能夠有滿滿收穫與回憶，當哪天提起海街日記時，心中所浮現的會是溫暖與歡，屬於你我的海街故事新的章節即將開始。退去唯美貴氣的裝潢，如果只是想體驗一下真正寄宿在綠島的朋友家這種氛圍的背包客或潛客，在海街日記會發現這裡沒有老闆與客人，只有一群愛海的朋友們，找回人與人之間的暖心溫度。\n
可以開火下廚，上下舖的背包客床鋪及可愛黏人的店貓，都讓這間海島小屋滿滿的人情味。房型選擇多樣，從四人雅房到雙床或一床房型都可選擇，環境整潔又反饋滿分，是背包客遊玩綠島的好選擇。"
藏水綠島館,"藏水綠島館 潛水課程班，最適合潛水考照的旅店 最專業的教練在此。一來到外島，第一個想到的一定就是玩水了吧！炎炎夏日，泡在冰涼又透徹的海水裡，絕對是全世界最幸福的事情，而來到所有外島裡海水最清澈明亮的綠島，絕對不能錯過的就是浮潛以及潛水了，今天就帶大家搶先看，來到綠島潛水是什麼體驗呢。具有良好的地理位置，旅客乘船抵達綠島步行不到3分鐘的路程便能卸下行囊展開旅程，若想至熱鬧的南寮大街大啖美食、採購伴手禮則只需要約2分鐘的車程就可抵達。清幽的居住環境與便捷的生活機能，讓旅客無須來匆匆去也匆匆，從旅程的起點到結尾無時無刻都超愜意！
"
戀戀火燒島,"「綠島民宿－戀戀火燒島．海邊渡假民宿」位於綠島浮潛勝地－石朗前方，擁有占地700坪的遼闊區域以及仿希臘式的藍白建築，主人更貼心在園區內架設木棧板及木質涼亭，讓您在夕陽西下時，與三五好友談天說地，悠閒的坐在涼亭中欣賞美景，看著一朵朵的浪花遍佈在海上，彷彿置身於峇里島般浪漫～\n
暢遊綠島真的很簡單！「綠島民宿－戀戀火燒島．海邊渡假民宿」特地為遊客們規劃了兩天一夜及三天兩夜的套裝行程，供遊客們自由選擇，讓您以最優惠的價格玩遍綠島，更提供有簡餐、餐廳合菜及BBQ自助碳烤等加值用餐方式，給您最多元化的選擇～"
綠島走走,走走潛水背包旅宿位於綠島鄉，設有共用休息室，距離中寮海灘 300 公尺，距離柴口海灘1.3 公里，開車前來的住客可使用免費私人停車位。這間住宿距離石浪海灘 2.6 公里，距離綠島燈塔不到 1 公里，距離綠島人權文化園區 2.8 公里。
海人生綠島海景民宿,"海人生海景民宿位在綠島鄉，距離中寮海灘只需走一點路，住宿提供 WiFi（免費）和空調。住客可以使用露台。住宿提供設備齊全的私人衛浴，附浴缸或淋浴設施和吹風機。\n
海人生海景民宿的住客可以享用亞洲風味早餐。這間住宿提供腳踏車租借服務。\n
海人生海景民宿 附近的人氣景點包括柴口海灘、公館海灘和綠島燈塔。最近的機場是綠島機場，距離海人生海景民宿1 公里。"
水面休息潛水員旅宿,"【水面休息潛水員旅宿】後方有一望無際的大海，白天所見即是一片清澈湛藍的海灣風情，然而到了夜晚，夜幕像一條無比寬大的毯子,滿天的星星綴落在毯子上閃閃發光，讓人無法自拔地醉心於此！熱鬧的綠島大街上，無數的美食盡等著你享受，濃郁鹹甜的海草冰、食指大動的生魚片、垂涎三尺的滷味拼盤等等，是不是迫不及待想踏上綠島之旅了呢？ 除此之外，水面休息潛水員旅宿擁有便捷的地理位置，鄰近阿岡炭烤、柴口浮潛區、將軍岩船潛區、牛頭山、果腹小吃店、小型便利商店、咖啡廳……等等！讓您輕鬆享受海島的悠遊氣息~！"
柒七潛水旅店,"『綠島柒七潛水旅店』為全新裝修後的獨棟別墅型民宿，位於鬧中取靜的中寮村莊裡，步行至綠島特色景點【綠島燈塔】與【烏油窟(又稱情人與寧靜海)】以及【中寮港】只須3分鐘的路程，旅客們從民宿出發不到2分鐘便可欣賞到綠島寬闊又美麗的海景，曬著艷陽，乘著海風，探索綠島的美麗景色，享受綠島濃烈的熱情。\n
『綠島‧柒七民宿』提供兩人、四人、六人等房型共5間套房，精心打造寬敞明亮的睡房與衛浴設施帶給旅客們舒適的住宿空間，柒七民宿是經營者熱愛綠島、長久以來追逐的夢想實現。"
島人嶼海,"在這個世界上，廣大太平洋的那一端，有一座美麗的小海島，生活在島嶼上的人，都是「島人」。\n
小島的大海藍得很透徹、海洋資源豐富又多元，水底下住著各式各樣繽紛多彩的珊瑚礁、千奇百怪的海洋生物，還有著獨一無二的海洋文化。不過，奇怪的是，大多數生活在島嶼上的人們，對大海的所有一切都很陌生，因為，在島人的世界裡流傳著一句「海邊很危險，千萬別靠近！」和各種關於恐怖大海的故事。或者，第一次對海洋生物的認識，都是從市場裡一具具冷冰冰的屍體和餐桌上一道道的料理開始。\n
當我們離開這座美麗的小島開始到世界去旅行，遇見了許多不同文化的人、用著不同的方式與大海相處與生活，漸漸發現，原來人和大海其實是密不可分的共同體，而且人和海洋生物是可以和平共處甚至成為朋友的。大海是很有包容力、生命力，而且迷人的，大海是一個看似遠在天邊，卻近在我們腳前的奇特世界。\n
於是，我們回到了這座美麗的小海島。以「讓人與海的距離更親近，讓大海注入生活。」作為我們的核心理念，讓生活在島上的島人們認識這個完全不一樣的海底世界，也讓不認識、不生活在這座島上的人們知道，原來世界上有這麼一座精彩多元、有著豐富海洋文化的美麗島嶼。\n
我們熱愛用影像和文字去記錄水下和島上的故事，分享海洋的美麗與哀愁，並且讓更多人重視海洋生態和海洋環境議題。我們相信影像和文字是一股很強大的力量，它就像大海一樣沒有界線，總是能流傳得更廣大、更長遠，也能於各種不同的文化與世代之間流動。\n
我們也希望能帶著人們一起下水，一起溶入大海當中體驗大海的包容力和生命力。如果你願意跨出那一步，我們永遠都在大海裡等你。"
綠島9號精品渡假村,"您再也沒有到綠島潛水要先被太座罵一頓的困擾了！我們提供您不潛水的另一半一個最好的渡假環境。絕佳的觀海風景、舒適的座位區，伴著微風一面看著漁船進出~~幾本小說、幾杯清涼飲料，相信能滿足每一位挑剔的客人。優惠的房價就能輕鬆擁有五星級度假村的享受怎能不讓您優先擁有！\n
佔地462坪米.建築總面積為316坪米.並擁有305坪米的休閒空間。這樣大的場地僅僅提供給26名會員，我們小小渡假村包含了幾個必要的部分：\n
綠島9號精品渡假村-僅提供1間四人房、3間六人房 、5間雙人房\n
潛水中心-提供PADI潛水課程訓練服務、各項觀光潛水、船潛、潛水旅遊等活動。您可以自由的報名參加潛水活動.或是3-5好友一同報名潛的海底觀光行程，當然也可以報名各項潛水課程。"
高氧旅宿,"「綠島民宿．高氧旅宿」提供潛水、美食、住宿等服務，我們將在此等候您一起走訪綠島各秘境景點，帶您驚艷綠島海底神秘內太空，享受海鮮美食餐點。讓愛旅行的您，帶走最棒的綠島！我們愛玩、愛攝影、愛旅行，發現綠島如此美妙，慢慢地對綠島有著豐富的情感，終於在這美麗的小島有了歸宿。\n
宿主人的動人故事\n
「我們都喜歡潛水！而他就是我的潛水教練！」戴著相同的魚尾項鍊，穿著短褲、身材高挑纖細的嘎哇思，擁有薩奇萊雅族的深邃輪廓，隨後走來一身黝黑，戴著墨鏡笑得燦爛、又愛講冷笑話的嘟嘟，「擁有共同的興趣，就能一起下水、幫她拍更多影片！」愛上綠島的海，先後來到島上的嘟嘟和嘎哇思，生活在陸地，生命裡住著璀璨的海洋，與波光閃耀的愛情！"
愛上綠島民宿,愛上綠島民宿嚮往綠海藍天的優美景致，想要在夏季時前往海濱踏浪嗎？ 現在就往充滿南洋風情的綠島出發吧！ 位於綠島南寮村的「綠島民宿-愛上綠島」，座落南寮漁港旁，步行即可輕鬆抵達港邊，前往綠島航空站也僅需5分鐘路程即可抵達，不但擁有前往台東和蘭嶼的便捷交通優勢，更加鄰近熱鬧的綠島市區，您可就近逛遊樸實的 鄉野街道，也可驅車前往綠島監獄、朝日溫泉、柚子湖、綠島燈塔、將軍岩、梅花鹿生態園區等知名景點遊覽探 遊，感受火燒島的樸實寧靜的獨特魅力。
綠島居福潛水,店家無提供此相關資訊
綠島海猴子潛水,「綠島住宿‧海猴子潛水旅宿」的侯老闆是個熱愛海洋的帥氣男子，在海邊規劃了「海猴子潛水旅宿」，希望喜愛大海的旅人都能將這裡當做旅行據點，跟著「海猴子」一起進入海洋的懷抱裡；「綠島住宿‧海猴子潛水旅宿」內備有二至四人房型，亦有背包客房，滿足旅人所需；雙人房中採用工業風格，散發著豪放不羈的氣息，就像熱愛旅行的您一樣讓人感到純粹無拘的放鬆！而四人房內清新雅緻，乾淨簡約的空間溫柔又自在，海景房內更能遠眺無際海平面，看那晨曦與落日在海面上形成的萬千變化，帶著慵懶愜意的氛圍，使人沉醉。 　
綠島啤 酒魚潛水中心,綠島啤酒魚潛水中心位於綠島公館村，我們是一群熱愛潛水的海人，大海對我們來說，是生命中不可或缺的一部分，希望與你分享我們喜歡的這片海底後花園
綠島海韻民宿 |自由潛水 |水肺潛水|,"藍天、大海、陽光、白沙與舒爽的海風，暢遊綠島，缺一不可！如海上珍珠般的綠島，是夏季時相當受到歡迎的渡假勝地，雖然腹地不大，卻擁有遼闊海洋、奇特礁岩、特色美食、豐富生態、海水溫泉、悠閒氣息及刺激的水陸活動，具備有完善的旅遊機能，不論是家族或學生朋友團體出遊都非常適合，每年皆吸引大批遊客前往～\n
「綠島海韻潛水民宿」位在南寮漁港和綠島機場的中間段，交通相當便利，備有多間乾淨舒適的套房和雅房，並鄰近遊客中心、綠島燈塔及柴口潛水區等多處景點，讓您在晨曦或傍晚時分與好友或情人一同漫步在瑰麗多變的晴空下，微鹹的海風迎面吹拂，享受綠島得天獨厚的海洋風情～\n
服務項目-綠島住宿、綠島民宿、綠島行程建議、綠島旅遊諮詢\n
其他設施-停車場、無線上網、觀景平台、露天休閒座椅\n
來到綠島不知道該怎麼玩嗎？別擔心！「綠島海韻潛水民宿」提供多項齊全的套裝行程、各項水陸活動代訂以及當地生態導覽解說，輕鬆帶您走遍綠島，讓您來到這裡不僅是走馬看花，還能更深入了解綠島一切的美好～"
藍莎潛水中心（PADI五星級教練發展潛水中心）,"藍莎潛水中心是由一群摯愛海洋的人所組成，同時也是綠島第一家具有PADI國際認證的潛水中心；由於對海洋的熱愛，藍莎潛水中心在2006年6月在這座綠色島嶼上誕生。\n
在這70多坪的空間，我們不但提供休閒潛水觀光，也提供專業技術性潛水課程和教 練課程等， 透過全職的 PADI 潛水教練，提供一系列的 PADI 潛水課程， 更提供 各類型持續進修課程予符合資格的潛水員，包括潛水教練培訓課程、 緊急第一反應 課程，高氧潛水及休閒技術性潛水課程等。\n
本中心備有教室，視聽器材完善，並配 合平靜水域的訓練，為初學者及合資格潛水員提供全年全天候 的教育服務。另外我 們也提供國內外深度潛水之旅、免費網際網路使用、本地交通訂票服務、綠島本地接送服務，讓您體驗到不同的潛水環境。"
綠島怪獸潛水,保護環境，守護海洋，專業精進，永不懈怠
一直曬太陽民宿,我們有各種舒適房型，套房、雅房、背包房，也有搭配各種活動的套裝行程。不只有美景還有美食，我們也提供手作精緻早餐。慢慢旅行，慢慢生活 ，座落在綠島北面最後一間民宿，漫步在都市喧囂到不了的海堤。四月的螢火蟲，五月的飛魚，六月夏季無垠的星空，一塊來感受小島的美好。
綠島諾亞民宿,綠島諾亞潛水民宿由熱情的４位在地年輕人帶著你體會綠島最熱情及純樸的綠島生活，不光是「潛水」而已我們提供了路上優質的解說(夜訪梅花路/竹節蟲/季節性螢火蟲，水下最優質的活動&水下解說導覽「浮潛」探索色彩繽紛的魚群，桌面優質在地風味餐點，依季節性提供各種不同餐點，夜間潮間帶探險，尋找睡著的魚兒/活力越晚越旺盛的海膽徹夜不眠的水中生物。 讓你吃喝玩樂一路到底。
好棧 Good Hostel,Good hostel 好棧 I 原9號背包位於綠島鄉，距離石浪海灘只需走一點路，有觀光旅遊櫃台、全面禁菸客房、共用休息室、全館WiFi（免費）以及露台。這間住宿距離桂灣海灘1.3 公里，距離綠島燈塔 3.3 公里，距離朝日溫泉 4.6 公里。住宿有行李寄放服務和洗衣服務。Good hostel 好棧 I 原9號背包的每間客房都有戶外休息區。共用衛浴備有淋浴設施和吹風機。這間住宿距離綠島人權文化園區 5.4 公里。最近的機場是綠島機場，距離 Good hostel 好棧 I 原9號背包 2 公里。
綠島緩島旅宿,緩一夏、海清涼，熱血出發的自由小島，是綠島！迎著夏天的陽光、無限晴朗的大海，翻白浪花之外，海上浮現一座白色燈塔，與滿是綠意的小島。船剛靠岸，手拿「緩島」木製招牌的小幫手已經在船頭等候，在下船之後、環島之前，帶妳加滿熱血，直抵綠島大街最熱鬧的所在，低調木色裡，如太陽橘紅般溫暖、海水沁藍般自在——緩島，背包旅人的夏日小島生活！
70腳落,"「綠島70腳落背包客棧」位在綠島公館村內，周邊鄰近柴口浮潛區，不論是公館鼻、牛頭山、柚子湖、小長城等皆短短車程可到，而在這有著潛水勝地之稱的綠島內，碧海藍天的景色是常態，而夜晚滿天星辰的迷人更是日常，就讓我們用最慢活的步伐，融入在地生活，感受自在無拘的慵懶生活。\n
「綠島70腳落背包客棧」外觀可愛繽紛，美麗小巧的花卉植栽散發著熱情，歡迎著旅人到來，公共區域內略帶鄉村風格的佈置顯得溫馨幸福，以各種旅行意象妝點著空間，呼應著到來的旅人愛冒險的心，大廳內擺放多組休閒桌椅，讓您可與來自各地的旅人談天說地，分享旅行趣事。"
閱光海背包輕旅,想展開一場富含書香氣息的高質感旅行嗎？那你一定不能錯過「閱光海」的神秘書牆！高挑的木製格子中，妥善陳列精選書籍、珍藏品和吉他；隨選隨讀的悠閒氣氛，時間彷彿慢了下來，刻劃滿室的靜與美。悠遊書海之餘，不妨與三五好友來場精彩的棋盤遊戲；也可徜徉在精心設計的隔間，欣賞海景透入窗格，與光影幻化成絕妙景緻，宛如身處高級海景列車一般。綠島閱光海背包輕旅體驗自潛導潛船票代訂位在南寮，提供海濱住宿，距離石浪海灘 1.3 公里，有花園、共用休息室和酒吧等設施。這間住宿設有私人海灘，距離柴口海灘2.5 公里。這間住宿抗過敏，距離中寮海灘1.5 公里。
龜灣39號背包客棧 露營,龜灣39號背包客棧 露營，這裡不單提供一個房間讓人能夠休憩，更提供了一個環境讓人能自由自在的享受這片淨土。這裡有 300 多坪的廣闊營地可以露營，讓人更親近大自然，無拘無束地享受簡單的快樂。誰說露營一定要在涼爽的山林裡，被海風輕拂臉頰的快活也體現不一樣的露營樂趣！快到龜灣39號背包客棧用獨樹一幟的方式與綠島的大自然做朋友吧！
綠島放個假旅宿 ,"綠島放個假旅宿室內外空間均由Ivan & Petty自行設計與規劃，我們的地點位於綠島中寮，距離機場騎機車約1分鐘，港口約6分鐘。民宿距離中寮港、綠島燈塔非常近，因此可以直接步行前往。民宿有相當多元的房型可供選擇，如空間較大的海景雙人房套房、經濟型的小雙人套房、6人的團體家庭房，以及背包客最喜歡的膠囊背包房，不管您是獨遊者、情侶、朋友、家庭，甚至是學生畢旅或公司員旅都非常的適合！我們也提供了舒適的公共空間與空中庭院提供旅人使用，請各位帶著放個假的愉快心情輕鬆入住！
"
藍海屋潛水渡假村,喜愛海洋熱愛交友的主人，歷經過七年多的計畫與籌備，決定為熱愛海洋與潛水的朋友建立一個圓夢的地方。一圓像電影般的夢，白天在珊瑚與礁岩的相界處與熱帶魚群共泳，紫色鹿角珊瑚與與水相映，魚群穿梭其中。夜晚在無光害的星空，品嚐新鮮海味簡單小酌兩杯，讓自然的海風輕撫入眠。早晨被浪聲給喚醒 掀開窗簾滿眼的藍，除了驚嘆再也沒有詞彙可以形容的景色！每位來到這裡的旅人，就像很久不見的好友回來相聚，漫步體驗純樸小島上愜意的生活。
小豆丁民宿,小豆丁民宿位於朗島部落的外圍，擁抱著山、海、田交匯之處。民宿全室皆為套房設計，擁有大方寬敞的室內空間與諾大的景觀窗台，住宿小豆丁民宿可讓您一次感受蘭嶼得天獨厚的自然與人文之美。 路易浮潛&SUP為小豆丁民宿自營店家，優質教練帶你感受蘭嶼大海的神奇魅力！
飛魚民宿。蘭嶼 Lanyu,飛魚媽媽是第一個從台灣嫁來蘭嶼的人，與飛魚爸爸親手一磚一瓦建立這間民宿。座落於漁人部落，當蘭嶼尚未開發觀光時，就擁有了這間飛魚民宿，多年來由飛魚媽媽細心呵護，現金由飛魚一家共同經營，經歷了時代洗鍊，年輕一代的翻修裝潢，飛魚民宿希望能夠讓旅客有如回到家的溫馨感受，也透過活動更加了解蘭嶼的文化。
Azul Apnea Freediving 朗。自由潛水,Azul Apnea Freediving位於蘭嶼北面朗島村落，可教授 AIDA 與 SSI 自由潛水課程，以及其他專長課程，系統化上課方式，專注於自由潛水教學及推廣、項目訓練潛水，小班制度， 蘭嶼、墾丁皆可上課。
暖暖浮潛,暖暖浮潛設備乾淨整潔 暖暖教練具有合格救生員證照 專業認真又有趣的教練 帶您輕鬆體驗浮潛 一窺蘭嶼最天然的海洋生態
Unlockdive 解鎖自由潛水工作室,一對姐弟，在因緣際會下投入了波賽頓的擁抱，從此想為大家解鎖，這世界上那神秘的70%，你們第一次的屏息，你們第一次的下潛，你們第一次真正的放空，請讓我們帶著大家解鎖自潛的神秘與驚奇。
海岸線 Lanyu Coastline,每個人都有屬於自己的一片藍色，串連著沿海的海人，是總長1139公里的海岸
蘭嶼海的窩,"蘭嶼海的窩民宿從2010年在爸爸留給我們的老家開始營運，原本只是間三間房的小民宅，原本只是抱著回家鄉落地生根的想法，義無反顧地回鄉，和前女友，也就是現在的老婆拚了下去! 經過將近4年的努力，在2017年我們有了自己的新家囉!\n
位海灣面海第一排，每間房間皆有陽台!躺在床上就可以看到無敵海景，東昇的日出! 我們花了四年的時間，親手蓋了這棟夢想中的家， 從畫設計圖，釘模板，綁鋼筋，水電配置，裝潢設計，購置建材，裝燈裝門裝窗裝馬桶…所有的一切都是自己親手完成， 老闆就是長工蓋房子， 如同拉拔長大一個孩子， 從無到有，對於每一磚一瓦都有著感情，更特別珍惜! \n
希望可以做到最好，更希望讓入住的旅人都能夠舒適滿意， 所以我們一定要每間房皆有優良住宿品質＋風格設計＋乾濕分離衛浴＋獨立陽台＋絕佳景觀，雖然很貪心，但我們做到了! \n
此外，住得舒適也要玩得開心，海的窩更幫旅人量身規劃代辦交通: 船票/機車/行李接送，也與海的窩的專屬教練團合作，提供給旅人最在地的活動體驗，我們所有的教練都是在地人，資深，專業帶旅人好好的認識體驗蘭嶼的海蘭嶼的美還有蘭嶼的文化，蘭嶼之行交給海的窩，很輕鬆!"
蘭嶼町Ah度背包客棧,"「町 Ah 度」為達悟語「在上面」之意，背包客棧原為老闆阿良老家的二樓，因而萌生以此命名的想法。\n
我們都是熱愛旅行的背包客，這裡的每項設施，結合了我們的旅行經驗、旅人回饋，逐一打造而成，我們期許這裡不僅止提供平價床位，更是一間有溫度的背包旅宿。"
蘭嶼 雅娜背包客棧 ,這是一個達悟男人和泰雅女人的故事 為了給男人承諾 於是他們的孩子回到他/她的家鄉扎根 為他們打下理想的後半輩子生活 而「雅娜」取自男人和女人的名字 雅威和哈娜 在這背後有許許多多的故事 你來！他們繼續說給你聽 希望在蘭嶼你也能找到屬於你自己的故事。
沙卡法艾背包客棧,"座落在紅頭部落的村子，飛魚王傳說第一個到達的村莊，夕陽大景村，而沙卡法艾是你喜歡的熱帶顏色背包客棧。\n
用文章養你的心，供給自由的氧氣。"
蘭嶼單藍,單藍的誕生，是為了更多獨自的旅行者，為了讓你們能有機會在蘭嶼的旅行中。
蘭嶼 Mr.FISH HOSTEL 魚先生· 背包旅宿,嗨嗨！我們是小宋和雪莉 :) 2017年台灣、蘭嶼2地奔走，將年久失修的老家，重新翻修成我們喜歡的工業風。 提供簡單乾淨、舒適並有質感的住宿環境。 – 民宿內的每個角落都由我們親手打造與設計！歡迎您來這座美麗的小島，體驗我們的用心
蘭嶼 蘭晴背包客棧,蘭晴就像是蘭嶼炙熱的太陽，讓每位旅人感受到火熱熱的溫暖，蘭晴會用滿滿的熱情迎接遠道而來的旅人們！歡迎來睡！
蘭嶼 轉角11號民宿,我們民宿 沒有華麗、吸引人的工業風、北歐風、地中海風裝潢，只有簡簡單單的氛圍！ 因為「沒有錢」， 您可能會想背包民宿應該有令人驚訝的交誼廳、美麗的廁所、強烈吸引人的民宿裝飾藝術、各大背包平台、旅遊網站、部落格強力宣傳廣告？很抱歉，這些我們「都」沒有，但我們擁有，「半隔間單人背包房私人窗外海景」、個人隱私和空間，不用擔心住上下舖的困擾，沒錢只好賣風景、賣一顆蘭嶼人低調實在的心！ 背包房 4間單人背包房、1間雙人背包房，共6位，2間衛浴，不用擔心需要等廁所！ 我們個性實話實說，好客熱情，做事實在！ 民宿附近生活機能完善，都在5-10分鐘內到達！ 
Rover Hostel,蘭嶼海邊的一間餐廳酒吧。
蘭嶼唯島背包客棧,老闆是這幾年返鄉打拚的年輕人，想感受蘭嶼文化跟日常的朋友，歡迎來電詢房。
蘭嶼旅人·Rover,蘭嶼海邊的一間餐廳酒吧。
榕樹下背包客棧,"蘭嶼榕樹下背包客棧位椰油村，椰油國小旁饅頭岩附近，設有「海洋冰品小站」、「素食餐飲」、及蘭嶼特產蘭嶼伴手禮「春不老酵素」，房間乾淨寬敞，距開元港、蘭嶼機場之間、海洋超市、7-11超商車程只要五分鐘非常方便；有一顆大榕樹可夜觀角鴞生態！\n
蘭嶼榕樹下背包客棧頂樓可看饅頭岩夕陽之美夜晚看星星，近椰油國小，榕樹下背包客棧可以安排所有蘭嶼島上活動，包括租車、浮潛、拼板舟體驗、夜觀、蘭嶼地下屋參觀，榕樹下背包客棧確實是背包客適合的生活方式，空間不擁擠，有家的氣氛。\n
蘭嶼海洋冰品店是蘭嶼吃純素，提供蘭嶼素食店，蘭嶼素食炒飯，蘭嶼素食炒麵，蘭嶼素食小吃，蘭嶼素食推薦，蘭嶼素炒飯，蘭嶼素炒麵，蘭嶼必買禮物，蘭嶼飾品，蘭嶼編織包。"
都教練背包客棧,都教練背包客棧針對背包客人來搭建的房子，背包客外面是老爸老媽的水芋?
蘭嶼看海的日子民宿,蘭嶼看海的日子少了都市的繁華，以乾淨舒適的環境招待來蘭嶼放鬆的旅人 ，我們將每位入住的客人當成朋友般的對待，將滿滿的熱情分享給喜愛大海的你們，一同珍惜這座小島生活的悠閒日子，真心邀請大家來蘭嶼和我們一起渡過每個看海的日子。
Vanwa番哇背包客棧,「番哇」就是蘭嶼達悟母語裡的港灣，番哇民宿位於東清灣的中央環島公路旁6號二樓，每天清晨坐在陽台上就能看見台灣第一道曙光。白天可以划划拼板舟體驗當地傳統海上交通工具，晚上步行30秒就可以到達東清夜市，晚上舒服的坐在陽臺喝啤酒聽海的聲音吹著海風，享受慵懶緩慢的夏天。
那天 THat day Hostel,生命裡的某一天，都有可能是改變你的那天，讓所有故事從那天開始，我們是位在蘭嶼椰油村的背包客棧。
蘭嶼·貝殼屋民宿,位於漁人部落，全棟均為衛浴共用的獨立房型。 鄰近早餐店、雜貨店、風味餐廳、郵局、衛生所，住宿機能相當方便。 -貝殼屋距離航空站只要5分鐘，距離開元港只需10分鐘路程喔！
蘭嶼 嵐羽民宿,"Ako~kay (你好!)～～～歡迎來到蘭嶼，嵐羽！站在高處望向一片生滿雜草的那塊地，決定把夢種在這塊土地!｢這是我蓋了三年的夢，而且還繼續在蓋。｣\n
從一片雜草荒地到築成夢，每一天的砂泥相處和汗水磨合，心裡的難耐與挫折日積月增，一直在與自己的徬徨或是周圍的壓力抗衡奮鬥著，旁人的加油讓自己也難說話了，只能苦笑著說”我真的已經很加油了，別在一直給我加油了!”時間不管一個月、兩個月或是一年、兩年，朋友們的期待當然，而自己何嘗不想!?一直以來設計與想法一直都在修改、改變，”對呀!當初的想法到之後隨著生活也不一樣了!”我說。這個夢像孩子般，經過歲月會留下痕跡也會留下成長的孵出。\n
這段時間我邊蓋房子邊接嵐羽民宿I館的客人，在淡季時則回大島找工作學習蓋房子的技術，三年過去，阿嵐已經不是當年的阿嵐，這個夢讓自己成長，讓心也越來越茁壯，雖然疲累的身軀，但感情是豐富而且滿足的，是這樣的深刻且甘之如飴。"
瑪莎蕊背包客棧,"2022 年開張的瑪莎蕊背包客棧，距離東清部落騎車只要 5 分鐘，簡約樸素的深灰色水泥外牆，對於第一次準備在蘭嶼住宿的遊客而言，不仔細看可能就會不小心錯過，卻也正好反映了背包客棧老闆主張的簡單生活。比起一個以營業為導向經營的背包客棧，瑪莎蕊更像是駐守蘭嶼，歡迎旅人朋友們每次回到蘭嶼的「家」。\n
瑪莎蕊背包客棧老闆暖暖，過去是一名救生員，與身為護理師的女友一起在台灣生活，直至幾年前才決定與女友一起回到蘭嶼生活，也因此有了一起創業開店的想法，一步步搭建了名為瑪莎蕊的「家」，和成為背包客棧老闆的新人生里程碑。\n
然而開設背包客棧，並不是件容易的事，很多人認為可以開民宿或者背包客棧一定都很有錢，但對於老闆暖暖而言，或許願意花心思、時間和金錢的投入，打造一間有自己樣貌的旅店更為重要。"
小島生活,從一個小島過客，搖身一變成為蘭嶼傳統文化的推手，許書瑜和先生一起經營《小島生活》民宿，五年來陸續推動了才藝換宿、族語繪本及Line貼圖等延續當地文化的行動，成為島民的一份子之後，才發現每個蘭嶼人都用自己的方式在延續文化。原本只是個到蘭嶼打工換宿的短暫過客，許書瑜因而遇到了生命中注定的另一半，為愛相隨的她，自此成為這個小島上的一份子，更瘋狂迷戀上島上的一切與傳統文化。
蘭嶼魚飛浪民宿,"2000年開始經營至今，魚飛浪成為許多人在蘭嶼流連忘返的家。\n
如果你也喜歡湛藍海洋和翠綠山林\n
如果你也想找個地方收納旅行滿出來的心情\n
如果你喜歡家的感覺\n
魚飛浪樂意擔任這個角色，成為你在小島蘭嶼的家。"
Oyawa背包客棧 x旅宿,親愛的房客，歡迎你妳來到蘭嶼，遠離繁華的城市，漫步於人之島，享受蘭嶼藍，也請你們好好愛護蘭嶼，守護人之島，尊重蘭嶼文化，我們歡迎你妳～。 在藍色綠色用不完的小島的旅行，每一次駐足，一風景一心景，都能讓您由內發出哦!吔!哇!的不可置信…願您也能擁有OYAWA家對生活的現況感覺讚嘆與欣賞。 背包客1人1床，接受並喜歡結交各地朋友的您，是不錯的選凙。民宿位於人之島的Iranmeylek(依然美樂)東清部落，若您喜歡可深入部落文化的地方，更是亞洲曙光最先見面的地方(看日出月昇不用趕)，夏日，熱絡的黃昏市集食代廣場滿足購物、口腹之慾，人之島最長沙灘海人衝浪，戀人散步，滿足您浪漫想像。冬天，東北風刮地，醒了海浪，淨了空氣，呼吸開始的島人…。
休眠中 蘭嶼友達背包客棧,蘭嶼海洋男生與日本都市女生以及一隻短尾狗開小客棧，在此留下足跡。Host
蘭嶼東清海沙屋民宿,海景第一排一直是海沙屋的主打星，聽著海浪拍打岸邊釋放出的浪花聲調，從涼亭欣賞眼前呈現這一切，再配上小夜市的熱情及夜晚星空的寧靜 。我想 這是海沙屋的特色，讓我帶著您跟上文化體驗和 慢活-漫步-漫空-漫海 的時光機吧～
Libang 背包客棧 / 個人工作室,"Libang(利棒)，期許著所有懷著夢想的人們，能像飛魚躍上海面般毫無攔阻，飛高飛遠，夢想成真！\n
Libang(利棒)，菲律賓巴丹島語的「飛魚」，alibangbang則是達悟族語的「飛魚」，二者語言極為相似。\n
以Libang(利棒)為名，是希望達悟(YAMI)與巴丹島等同宗同源的族裔們，有永遠的連結關係！"
嘟嘟悟的家,度假小屋，一個沒星級，沒都市設備，沒賣過多服務，只想給浪人回到一個 第三世界的家....嘟嘟悟的家，讓你在蘭嶼有個家。
旅兜- house 背包客棧 Lyu dou,安逸、悠然的感覺，同時也代表著親密和歡樂 燭光、咖啡、紅酒、糕點，到羊毛毯 實踐簡單、美好的生活。旅兜讓心靈去兜風 寧靜的尋找自我和內在。旅行的工作人卸下您的工作圍兜，讓心靈去兜風 寧靜的尋找自我和內在。
蘭嶼國宅背包客棧,蘭嶼國宅背包客棧顧名思義，是由蘭嶼的國宅重新整理、翻修而成。蘭嶼的國宅原建於民國五、六十年代，為蘭嶼首批的現代建築，相當具有歷史意義。民宿設計為上下舖的床位，方便旅人能以經濟實惠的價格在蘭嶼住宿。位於椰油村的蘭嶼國宅背包客棧，除了前方的大涼亭，更是佔盡地利之便，讓大家在蘭嶼吃住、交通都很方便喔！
蘭嶼米亞哇哇潛旅背包客棧,"發想於2014年夏末，九月份之後的蘭嶼，正在漸漸回歸海島的特有寧靜。蘭嶼當地的專業潛導 Leo (他說他叫蟹老闆)，在潛水工作之餘共用了兩年半的醞釀，一磚一瓦親手打造，米亞哇哇.潛.旅.背包客棧終於在2019的夏天要和大家見面了！\n
Miawawa (米亞哇哇)，源自於蘭嶼達悟語，意思是帶朋友們一起去海邊玩。正如同我們提供專業且值得信賴的潛水活動、舒適的住宿環境、豐富的島上行程，帶你真正體會島嶼慢活的步調及蘭嶼海底的清澈沁涼，恣意享受這片只屬於你的湛藍，細細品味小島濃厚的人文風情。夏天，還有夏天的回憶，藍藍的鹹鹹的，屬於自己的海。有時候也可以加上一杯咖啡坐在一座涼亭，讓風吹亂頭髮和朋友一起亂笑。\n
Miawawa 面對著八代灣，走出去就得到一片海。如果你跟我們一樣熱愛海洋與太陽，也想鑽進蘭嶼的海偶爾遇上海王類，還等什麼，快跟我們一起 Miawawa 吧！"
兩隻魚,「蘭嶼兩隻魚Two Fish」位於蘭嶼的椰油村，民宿地點鄰近開元港、中正公園、加油站，而且民宿旁邊即是全島的第一家便利超商，不但交通便利，生活機能也十分良好。蘭嶼島上有野銀冷泉、天池、鋼盔岩、睡獅岩、象鼻岩、八代灣、五孔洞等景點可供遊覽，天然資源相當豐富，最適合想要體驗自然與悠閒的人來此遊歷。
蘭嶼薰多琦海景休閒民宿,"從台灣遷移到蘭嶼定居的人，背後大多有一段故事。 無論是愛上蘭嶼的海或是蘭嶼的人～ 薰多琦的男主人愛上來自蘭嶼的女主人，同時也愛上蘭嶼的海洋， 於是放下在台北繁華都市的工作， 隨著愛人來到蘭嶼，在女主人的故鄉裡開了小小一間甜蜜居家溫馨的民宿。另外，為了讓各位在薰多琦海景休閒民宿寄宿時，也能夠體會蘭嶼文化的特色，老闆及翁太太特地在民宿一樓擺設了各式各樣的蘭嶼文物紀念品，一些丁字褲、飾品皆有，當然要是遊客們想要購買的話也可以向薰多琦的女主人詢價喔。除了紀念品外，薰多琦民宿還精心佈置了氣氛十足的地方好好享受假期，還提供民宿客人磯釣釣點，船釣資詢，想要來蘭嶼的遊客們,心動不如行動吧！！"
蘭嶼綠建築: 天空的眼睛,"天空的眼睛，誕生於2013年，為蘭嶼僅有的生態綠建築，即透過設計與選材讓房子可以自然的呼吸，以最低的耗能營造最舒適的環境。依照大自然的心情每天會有不同的居住體驗。全建築不使用冷氣，但你將會在海浪聲中入睡、蟲鳴鳥叫中醒來。走路就能到熱鬧的部落，卻不受機車吵雜與燈光的干擾。進門就像回到大樹的樹洞裡那樣放鬆、安心。 主人抱持著一個信念：生態和永續。我們沒有人工的冷氣，我們有太平洋的涼風。\n
民宿鄰近東清秘境，亦是第一道曙光升起之地。屋內提供3間雙人套房,2間四人和室雅房。全屋木地板, 主人手作木傢俱。 每房皆有落地窗門, 放空木平台, 絕美海景, 曙光月昇銀河, 盡收眼簾。大面開窗, 自然通風採光的交誼廳 。喵星人, 汪星人, 可愛野生動物作伴。清淨山水, 太陽能熱水, 洗滌身心靈。使用友善環境產品, 環保洗劑。主人精通傳統文化, 親自帶領浮潛/拼板舟等多項體驗行程。"
蘭嶼 好望角民宿,"2018初夏 ! 快到蘭嶼享受被大海擁抱的感覺 !﻿湛藍海天、純白浪花、豐富的雅美族傳統文化。 能夠在此見到不同的景緻，是每個來到這裡的旅人們必定要親身體會的。\n
有一句話『春之花、夏之海、秋之芒、冬之風』是蘭嶼四季主要的風景特色。 蘭嶼的春夏秋冬就像個美麗的女孩，在四季裡綻放著不同的容貌。\n
若是有特別的旅遊興致，相信藉由當地居民的引領帶您體驗到不同於一般旅遊的獨特感受。 在此歡迎所有想要來到蘭嶼走走，好好體驗蘭嶼文化的您。 能夠來到這裡找回最原始的心，享受這份美麗的禮物吧！"
龍洞潛水旅宿中心,龍洞探險旅宿，龍洞灣唯一觀光局認證合法民宿，集結我們在世界探索旅遊的經歷，親手設計規劃，為冒險而打造生，全面照顧夥伴們的探險生活需求，一起透過各種方式推廣戶外冒險，並從探索中揭尋台灣之美，打造屬於冒險者的溫馨庇護所。
深境住宿玩潛水,"位於台北的深境潛水訓練中心暨潛水用品銷售中心，成立以來，以提供更高的潛水環境和教學品質為目標，以安全為第一考量，在北部龍洞打造優質且溫馨的學習潛水及購物環境。\n
秉持著專業、親切、歡樂、服務至上、推廣潛水的初衷，加上嚴選專業優質潛水教練群，希望在潛水的領域提供更專業、優質的全方位服務。\n
深境潛水訓練中心，聚點座落在東北角龍洞灣海洋公園正對面，下濳非常方便，除了原本的國際潛水證照課程，潛水服務外，提供潛水員舒適休憩空間，品牌多樣的潛水用品，內容豐富的水上水下活動，期盼每個來到深境潛水訓練中心的學員以及潛友們都能有如家人般的歸屬感。\n
團隊將致力讓所有來深境潛水的朋友們，享受到更高規格、更棒的專業服務，並且安全快樂的享受每一次學習及探索海洋之美的歷程 ，成為在台北考潛水證照，最好的選擇。"
La 潛水訓練中心,"LA潛水成立於1995年，取名自團體LA Boy，以一股熱血的傻勁，要是能把興趣結合工作，那有多好！開啟了教練們這些年與海為家的路程！下班了，下班了 快點準備好裝備出發囉！曾經我們也跟大家一樣，在繁忙的生活、壓迫的工作中，以潛水為樂、以潛友為伴。\n
在水中，聽著自己規律的呼吸聲，焦躁的日常變得踏實、寧靜。我想，這就是愛上潛水的理由吧！希望LA可以透過潛水，將海洋的美傳遞給大家，提供專業的潛水課程、潛水旅遊外，也能同時肩負與各位一同愛護海洋的責任，讓海洋自然能結合在我們的日常生活中。希望藉由有趣的教學方式，把潛水這項活動帶給大家，更多人知道，當初我們愛上這片海洋的理由！"
鬧潛水Now Diving Center,鬧潛水位於東北角貢寮澳底鄉，所在的地址位置優越，位於兩個火車站之間，交通便利。鬧潛水已在東北角地區經營水域活動多年，非常了解東北角的水域生態， 透過專業知識，帶領大家用輕鬆且安全的方式了解當地的水域生態及從事安全的水域活動，讓更多人走向大自然。為了保持我們活動的品質，所有的從業教練皆受過專業訓練及考照認可，希望有更好的活動體驗，每年皆會重新保養設備、設施，讓我們在活動的過程中，安全無虞又舒適！
RUKU 潛水/SUP,東北角龍洞灣絕佳海景第一排，結合專業海洋課程，期待想親近大海的你一起來感受那一抹藍。
iDiving 龍洞,一天來回東北角，不用休假就可以潛水，想要享受慢活步調，兩天一夜也可以。
龍洞鼻頭角潛水店,本店經營潛水.浮潛器材出租....想玩水，您只要人來.其他我們幫您搞定!店內各項水上水下產品裝備一應俱全。並有潛水教學、潛水重裝備買賣、潛水與浮潛導遊、器材維修、氣瓶充氣、高氧氣體充填、玩水的技巧與小訣竅，都可在這邊獲得喔！也還迎各大潛水團體進駐本店氣瓶寄放.潛水教學。
小房子背包客棧,小房子背包客棧的地理位置靠近嘉義火車站，提供做為旅客造訪嘉義市的便利下榻之地。 住宿期間房客也可以多加利用免費的Wi-Fi。旅館便利的服務包括行李寄存和快速入住/退房。 也擁有指定吸煙區和旅遊服務櫃檯。小房子背包客棧有18間舒適的客房，非常適合預算有限的旅客。
福泰桔子商旅文化店,桔子商旅採用鮮明的橘色系，營造出明亮、簡潔又充滿活力的獨特風格，整體以「小而美」為主軸，讓旅客享有最舒適、安心的住宿環境，目前全台已發展出 4 個據點，皆位處火車站或捷運附近，絕佳的生活機能可說是旅客眼中最棒的旅行樞紐。秉持著「 不花俏、不華麗卻充滿 100% 誠意 」的精神，以樸實而親切的態度對待每一位客人，我們設有一系列貼心服務，若有任何旅途上的疑問，歡迎洽詢相關人員，我們都很樂意傾聽您的意見，並竭誠提供各項協助
KM Hostel 距離背包客棧,在嘉義佈滿時光風情的一隅，有你，還有你。夕陽灑落，西市的喧囂，或許來自不同的遠方，卻彼此咀嚼著他鄉；旭日洋洋，你的離開，迎著他的到來，那須臾的回眸，我們都笑了。在距離，品味聚離。 希望我們的空間，可以讓你們留下美好的回憶。
仲青行旅嘉義館 LIGHT HOSTEL,位於台灣23.5度的小鎮，是座值得旅人恣意探索的天堂，除了阿里山及雞肉飯之外，嘉義的人情美與地景水，將在每一步勇敢的冒險中，綻開燦爛，有空記得回嘉走走。
客旅家,"客旅家嘉義國際青年旅館是由60年代-自營的美源百貨改建而成，保留原汁原味的古早味大樓梯及貫穿旅館的天井，歡迎您來停泊一宿，體驗老屋重獲新生後的樣貌。\n
本館距離嘉義火車站步行約10鐘的路程，與嘉義文化路夜市僅 200 公尺，提供交誼廳、免費私人停車場(車位有限需事先預訂)和庭院的住宿環境。\n
館內設施包括有共用茶水間、冰箱、微波爐、小烤箱、餐具…等、行李寄存處及置物櫃和全館免費 WiFi及免費早餐。 背包房型提供公共衛浴，本館備有少數套房，可提供需獨立的衛浴及電視的朋友，讓您能有自己的空間，亦可至交誼廳認識每個來這的客旅。\n
附近熱門景點包含嘉義市立博物館、嘉義公園和嘉樂福夜市。 旅館距離射日塔 2.1 公里，距離蘭潭水庫 3.2 公里。"
日光輕旅 晃拾光,我們是一群愛做夢、愛設計、愛旅遊的團隊，關於生命，我們經常託付給時間，總以為還有機會，只是時間悄悄的流逝，從不會為了誰而停留，19歲的青春年華、29的自由生活、39的庸庸碌碌，49歲的重拾青春...當我們驚覺青春不再，逝去的時光再也回不來，而我們對於「青春」的定義，就是無論年紀大小，不讓生命留下空白，透過旅行讓生命更加閃閃發光，都能透過這個空間在嘉義桃城的小城市，留下美好的回憶，重新拾起青春的歲月熱情。
23星球,一場說走就走的旅行，享受不期而遇的憧憬，23 Planet正適合這樣的你。
Oinn Hotel & Hostel Chiayi－文化輕旅,"台 灣 在 地 創 新 連 鎖 品 牌，最 具 實 驗 性 的 設 計 旅 店。\n
Oinn Group 因熱愛在地、喜歡交友而成立，期待與充滿熱情的生活玩家協作創意實現想像。我們致力將空間分享社群，迎接每位敢於造夢的旅人夥伴，以最輕鬆舒適的方式交流夢想，在一起，可以創作、可以策展，走一趟最人情味的在地小旅行，甚至放空什麼都不做，Nothing is impossible，尋回自我，由你重新定義。"
塔拉TARA民宿GUEST HOUSE,位於嘉義市，有客房，靠近嘉義火車站和 Chiayi Tower 。這間住宿距離蘭潭水庫約 2.8 公里，距離嘉樂福觀光夜市（Chialefu Night Market）約 3.2 公里，距離吳鳳公園約 10 公里。家庭旅館也提供 WiFi（免費）和付費機場接駁服務。
拉瓦宅 輕旅店,"LAWA的語意 = 勇士\v
每一趟旅行,都像勇士般探尋未知及深層更美好的自己！！邀您一同慢遊嘉義，共享在地美景、美食、及人文的美好。LAWA HOUSE（拉瓦.宅） 位於嘉義市中心，主要景點(文化夜市、阿里山鐵道園區、北門車站、檜意森活村、森林之歌、監獄博物館等），步行約5-15分鐘皆能抵達。\n
提供不同房型，適合一個人或三五好友的入住，展開諸羅古城的悠閒之旅～"
嘉義小青旅,"由愛旅行的夥伴創造出最適合自己旅行者的空間，以最簡約的背包客氛圍給來自世界各地的旅者最舒適的交流體驗。\n
我們位於嘉義市區發展最早的區域，離火車及公車站約3-5分鐘的路程，超商及超市約1分鐘路程，旁邊也有Youbike站點可供使用，周邊走路可抵達的地方吃喝玩樂一應俱全，小青旅也提供專為您量身訂做的旅行建議。請帶著一顆擁抱青春的心，在小青旅，開啟屬於您的青春冒險！"
H& 台南微醺文旅,"微醺，是幸福的感覺；We Share，是我們的信念。一個讓您輕鬆體驗台南的家，歡迎來坐坐！\n
台南的大德街是我們比較少去探險的地方，倒是隔壁條的保安路，常常跑去吃不停，走進巷弄又折一個彎，終於找到這棟外觀純白的老房子，往裏探走，才突然意識到，這深長的格局是台灣建築中「二進一院」的房屋形制，平面鳥瞰似為「口」字形，而其中的院是一處陽光盡情灑落的天井。\n
老屋的前主人，在民國20年左右，蓋了兩層樓房，住家兼工廠，小孩長大成家立業後，又在民國60年的時候，決定向外延伸出去，加蓋了三層樓並分配給三位兒女，當毓美一層一層向我們介紹時，當初每個樓層的物品擺設與空間用途，似乎沒有隨著時間流逝，過往的歲月印象在不自覺地，在眼前一一浮現許多想像。\n
毓美和昆醫哥，很熱情很好聊，喜歡生活也享受生活，也像我們一樣努力工作著，那一天散步遇到了這間老屋，才有機會實現放在心中的許多想法，而空間內所有能看到的畫作都是毓美自己的收藏，一邊摸索經營民宿的方式，一邊調整前進步伐，只希望來拜訪的旅客朋友，把這兒當作自己的家，體驗台南所有的一切，能在這裡生活當然是最好囉~\n
開幕當天，特地邀請了前任老屋主來看看，很開心，能將曾經是一輩子生活的空間，重新賦予新生命、新生氣，心中豐溢的思念，暖暖地回憶又走進從前。晚上，我們一起去逛逛新生的藍晒圖，喝著百威、聊著彼此的生活，初夏的風、涼爽沁新，在身邊微微吹著。"
U.I.J Hotel & Hostel - 友愛街旅館,"理念「One's destination is never a place, but a new way of seeing things.」 – Henry Miller.\n
「旅行的目的不是一個地理名詞，而是看待事物的全新角度。」\n
不只到訪，而是帶走觀點和品味，U.I.J Hotel & Hostel 友愛街旅館，一座設計旅店與青年旅舍的跨界混合旅館。當分野與界線變得模糊，旅行的方式即綻放出多種可能！"
Oinn Hotel & Hostel Tainan－巷弄潮旅,"台 灣 在 地 創 新 連 鎖 品 牌，最 具 實 驗 性 的 設 計 旅 店。\n
Oinn Group 因熱愛在地、喜歡交友而成立，期待與充滿熱情的生活玩家協作創意實現想像。我們致力將空間分享社群，迎接每位敢於造夢的旅人夥伴，以最輕鬆舒適的方式交流夢想，在一起，可以創作、可以策展，走一趟最人情味的在地小旅行，甚至放空什麼都不做，Nothing is impossible，尋回自我，由你重新定義。"
【南惰 • House Nandoor】背包客棧,旅行是為了充電自己的生活，累的時候就來台南 惰一下吧！南惰給旅人一種家的自在感，和老闆娘聊天的過程中很容易被她真的真誠而感動，她說她希望南惰這個空間是可以讓旅人們做夢，希望建構一個有溫度的背包客棧，如果你也希望在旅途中獲得一點溫度與回憶，那麼我很推薦你，入住「南惰」一起做夢一起擁有這份溫暖與旅行的自在吧！
臺南水倉依舊民宿,"這座建物群主建物將近200年，沉積了200年來的風土人物建物風格之變換融合，更是『蝸牛巷』成立之濫觴，取名水倉依舊：依舊時舊地舊屋與舊日之光景之意。地處現今台南觀光區之蛋黃區，又不會過度商業，實為鬧中取靜之所。
現今蝸牛巷街區清朝時期的舊稱為「南北巷」，根據居民世代傳承的口述，當時五條港的支流太子溝、蕃薯溝，運送貨品的小船隻可至，南北巷便為物品輸送帶，串聯起猶如迷宮的社區街巷，有前店後倉、有住家、有閒置荒地，顯現社區形成的自古原型。\n
隨著時空的流轉，「南北巷」在日治時代則被稱為「大宮盯」，有著各行各業的職人，如裁縫、 豆腐、活版、自轉車，手感商家錯落，形成產業聚落。正因為蘊藏如此豐富的地方文史，此地現今仍有幾間同質的職人店家在此立業，靜謐的環境，也吸引新青年入駐，幾家館子、個人工作室進駐，選擇在這裡，追尋理想生活，像這樣的生活實踐者，橫跨老中青世代，造就了社區具生活感的氛圍。在這蝸牛巷巷頭買了老屋居住，貪的是這巷路位於府城西門盯最繁華熱鬧的「宮古座」戲院後頭，是鬧區中幽靜的山谷的關係。 "
我鹿背包輕旅x mydeer backpacker,我鹿背包輕旅位於台南的台南市中心。如果您想參與當地活動，可以造訪安平港和興達港；如果想要好好血拼，台南花園夜市和國華街都很好逛。海安路藝術造街和河樂廣場 The Spring也非常值得一遊。
158.棧,158.棧既是背包客棧也是咖啡店，為40年代巴洛克建築、老屋欣力，位於台南市中心、赤崁樓/林百貨/水仙市場等知名景點皆徒步可到，給古老巷弄裡走走停停的遊客們，提供一個可以歇腳、休憩的小天地，來到台南記得來這間充滿巴洛克風格的古宅坐坐唷，自豪的說走入158.棧的遊客看到都會驚嘆，為了符合這棟建築物的風格，客棧內每扇門窗及每片舊木材，我們花了許多心思尋找整理，希望在創新裡面也能保留一些老屋的元素，158.棧雖然是背包客棧，房間內的每個小細節都認真思考過，在拉簾設計上兼顧隱私與透氣，飯店同級的床墊與棉被，歡迎來到158.棧住上一宿、喝杯咖啡，感受我們的用心及老屋的魅力。
驛家旅店-青年旅館,靠近中西區大部分著名地標，例如：海安路藝術街 (0.2 km) 和大天后宮 (0.5 km)，驛家旅店是旅客絕佳的住宿選擇。驛家旅店客房提供空調設施和冰箱，同時還有免費無線網路讓您可隨時上網。另外，驛家旅店也提供免費早餐可供使用，讓您的中西區旅程更加愉快。喜歡鮮蝦食物的旅客，推薦可以試試阿霞飯店（錦霞樓）、度小月擔仔麵或矮仔成蝦仁飯。不然，也可選擇亞洲料理，例如：阿霞飯店（錦霞樓）、阿江炒鱔魚意麵或阿堂鹹粥。還在尋找探索的點子嗎？那您絕對不可錯過中西區幾個熱門景點：神農街 (0.5 km)、林百貨 (1.1 km) 和赤嵌樓 (0.4 km)，皆位於從民宿步行即可到達的距離。
艸祭Book inn,"「艸祭Book inn]以書店為主題的民宿，在老頭家的祝福下後起而生，我們要開始接待來自各地的旅人。書友們必訪的破洞還在，大量的藏書僅獻給在此空間的你們，歡迎閱讀上癮的書蟲來此作萝。新任務很有趣，交友、戀愛、悠然魂活，除了闆讀，我們也將和你一起探索台南。\n
我們用大量珍藏已久的老物件改造居佳空間，是款待您的心意，也是對身在台南的一種致意。一個個床位是你的小天地，在一天的探索這城市後，讓你保有享受一個人的獨處時光；走下床，大大的公共空間可以談天說笑、可以下廚做菜、可以分享你的才藝，也可以靜靜地窩在某個角落沉浸在書海裡，我們鼓勵您用不同的方式結交來自各地的朋友，透過人與人間的人際交流，感受共處的樂趣。"
Loft18 Hostel 陳倉客棧,"陳倉客棧位在熱鬧水仙宮旁的小巷內，親手將舊公寓重新翻修,改造許多廢棄老物再利用，不但愛護地球也別具風味，有最熱心的小幫手提供您完善的服務。\n
我們是一間小而美的溫馨旅舍，有一間混合10人房及女性4人房，另外有公共的廚房、餐廳、客廳、衛浴和頂樓露台，室內所有空間都通風良好、採光明亮，可以在這裡與各地旅人交流。每個床位都有小燈、掛勾、充電座、小平台、床簾和可鎖置物櫃，一整天玩累了，拉起簾子便是自己的小天地。因為是老公寓所以我們沒有招牌跟電梯，非商業化經營，所以在要過來時方便的話最好可以先聯絡一下小管家喔!"
De Provintia Straat B&B 普羅民遮民宿,"本四層樓建物為一具寬廣天井、深邃挑高之傳統街屋。多種西洋建築歷史式樣融合折衷主義設計，包含在地的閩南及日式建築風格。功能性來說，以樓內中梯與天井先將空間劃分為南北兩處，每處再細分各使用區塊。\n
建物本身位於台灣最早開發之普羅民遮市鎮，其都市計畫可追溯至1625年荷蘭東印度公司。遷徙其北汕尾商館與荷漢人口至此居留。此市鎮大道，普羅民遮街，貫穿東西，從西側赤崁碼頭之大井頭延伸至東邊小丘陵鷲嶺之北極殿。\n
道路長約340公尺，荷蘭人設置6線馬車道，寬約50英尺約15.24公尺，為交通部公路局認證之台灣最早官道。"
藏風The WIND GUESTHOUSE,"藏風民宿位於古雙城區內，是間屋齡40幾年的老房子，經過半年的細心規劃與設計整修，已經成功活化與裝飾成具有台南在地文化特色的民宿。\n
鄰近枋溪，枋溪是台南市中西區古老河道，靠著湧泉，常年在地下流動至今，2017年因政府在清水寺1項工程打開溝蓋，意外重現世人眼前。枋溪在50年前還是府城重要河道，是老台南人記憶中的「大溝仔」，靠著地下湧泉形成水流，從延平郡王祠由南向北流，在公會堂（吳園）注入德慶溪。\n
臺南是古城與美食之都，經營理念就是結合在地歷史文化向來自世界各國的遊客介紹台南一些知名景點的歷史背景，如安平古堡、赤崁樓、億載金城、神農街、安平老街、天后宮、武廟…等，及推薦在地美食如棺材板、擔仔麵，碗粿、鱔魚意麵，小卷米粉、牛肉湯…等，讓來自世界各地的遊客來台南有個難忘的古城文化與美食之旅。"
清淨背包客棧-民權新館,【清淨~背包客棧】名字的由來，是摘自布袋和尚插秧詩:手把青秧插滿田， 低頭便見水中天。六根清凈方為道， 退步原來是向前。詩詞其中的《清淨》為名，形容旅人放空，放鬆愉悅心情旅行的心境! 非常歡迎大家有空來坐坐。
台南 東寧文旅 ,"東寧文旅- 探索台南城市DNA」，位於台灣府城的五條港地區，充滿濃厚台南舊城區的台灣記憶。東寧文旅週邊古蹟景點眾多，也是台南舊城美食小吃最密集的區域。東寧文旅緊鄰的正興街、國華街、海安路藝術街及神農老街等，正是年輕旅行者時下最夯的台南旅行必訪景點。\n
東寧文旅保留原先老旅館的空間結構，並為旅客設計了20個不同的房間主題，讓入住的旅客有不同驚喜，是台灣唯一以「地圖 Map」為主題的風格設計旅店。來趟東寧文旅，跟著我們的地圖，尋找時間刻畫下來的台灣記憶，共同來拼出屬於自己的台南老城地圖吧。 "
哈木家,"""哈木家是，位於台南中心的街道內在稍微隱密的巷弄裡，在熱鬧的環境裡但又可以安靜的度過，是最適合觀光、遊玩及留學的好地方。將台南市的魅力傳遞給來台南的每一個人也希望能成為每一個人的力量，這就是『哈木家』的願景。\n
日台夫妻檔迎接大家的到來。哈木家老闆是日本人跟台灣人太太所經營的Guest house。無論是日語或中文的應對都是沒有問題的，想學日文的朋友們也可藉機學習日文喔 。\n                                                                                                                                   哈木家所在地的台南市，雖然續台北、高雄、台中是台灣第四大都市，但是因擁有最古老的歷史所以有非常多獨特的觀光地。而且氣候非常穩定，有非常多台灣著名小吃並有食在台南之稱，有豐富的美食、滿滿的活力且散發魅力的城市。還有在台南，不管您是旅客或是留學生，都能感受到台南人的熱情，讓您的身心感到，也讓您的肚子得到大大的滿足。"""
紡南FunNan Guesthouse,"出於對老事物的喜愛,我們整修了一棟日據時期就存在的老房子!為了保留老房子的特色與韻味,我們沒有請任何的設計師,而是自己畫圖自己發包並與師傅們一起上工整修,投入了非常多的時間和心血,從中也獲得了滿滿的成就感! 踏入屋內就可以感受到濃濃的古早美好時光,也融入了現代所需的方便與美感,在入住的期間請好好享受老房子特有的魅力吧!"
1881雅客居,"1881雅客居位居於台南市中心位置、是個深度探索台南的絕佳住宿地點、鄰近著名小吃、古蹟及購物商圈。你可以悠遊自在的參訪古蹟，品嚐台南各式小吃，盡興的購物，一切近在咫尺。您可以選擇放空...旅宿內有完善的休閒空間，頂樓享受陽光微風 或與三五好友或與各地的朋友交流。\n
到台南美術館  2館 只要300公尺。到友愛街美食街  只要100公尺。到保安路小吃  只要600公尺。到國華街美食  只要150公尺。所有美食只要散步就到。"
漫半拍民宿,"門口的彩色椅子，拼貼窗花，還有玻璃老窗裡頭那隻慵懶的貓咪，讓你緩下步伐的暗語，調整成屬於台南的「漫半拍」速度，在被拉長的時間裡將自己攤開，用南國的陽光曬一曬，感知著每一秒的流逝卻不覺得可惜，在所有可見不可見的細節裡，我們共同構築出一個如電影般的生活畫面，不是浪費與蹉跎，是「漫在當下」的美好「你享受著浪費的那些時間，不是浪費。」\n
漫半拍所在的新美街（民族路至成功路段），舊時稱米街，是清朝以來五條港的遺蹟之一，猶如台語金曲歌王謝銘佑娓娓道來的，幾百年的光陰不過是眨眼片刻，當年因港口聚落而起的繁盛早已不在，只能從老店家的口中，拼湊當年熱鬧過的痕跡，現今規劃屬於赤嵌文化園區的一部分，鄰近開基天后宮，大天后宮，開基武廟，赤嵌樓，名符其實的三步一小廟，五步一大廟，我們喜歡說我們身在米街，一來是守住米街這個名字背後的文化，二來是台語“米街”與“新美街”的玩味，街上的店家新舊並蓄，彷彿能夠看到文化在流動與靜止之間不斷地變化交融，找到最台南的平衡，台南人自成一格的驕傲。"
福憩背包客棧-和平館,"  位於海安路商圈，國華街、正興街、神農街步行只需3分鐘。\n
原本是一間鐵工廠，保留原本建築構造後，加入巧思將福憩打造得更加完美，例如:管線搭配英倫工業風格.加強鋼梁結構.完整的消防設備，期待讓旅行者最棒的休閒空間。\n
最獨一無二的設計，既像玲瓏有致的女人，曲線優雅又不失大方，可見當時鐵工師傅的精湛技術。另外，大廳的磚牆是清朝時期用磚，更別有一番風味。"
福憩背包客棧-緣憩館,"位於舊城都心「末廣町通」，緊鄰林百貨、美術二館、司法博物館、文學館以及蝸牛巷等，本身也是日治時期的老透天所改建。\n
後門出去即是蝸牛巷，是台灣早期文學作家-葉石濤筆下的彎曲巷弄故居所在，替這裡增添了一分文藝氣息。全館床架皆為原木打造，空氣中帶著淡淡的原木香。室內有個天井，天井下方有個小魚池，小魚們自在的游來游去，就像來到福憩的旅人一樣，自在的享受台南的人情味。\n
緣憩，就如同他的名字一樣緣起不滅。因著緣分我們聚在這裡休憩，分享著這一刻的美好。"
365.合日旅所 ,"「合日旅所」一張嘴/撐飽肚皮，一雙腳/累積乳酸，雙眼、背包/安置所見所感，累了就待會兒，或是一夜好眠，生活，就這樣子......\n
試著營造一個無拘束的空間，用來等待每一次的相遇，使這裡成為舒適無度的分享場所，旅行以外，更是「生活」。"
Journey Hostel 掘旅,"大家好，我是掘旅，在我的名字後面接著四個字 青年旅舍，今天想與大家聊聊我與它怎麼認識的。\n
一張單程機票到雲南，沒有時程，不知目的，關於旅行，從來不缺華麗的文字給予意義，但我隱瞞不了你，我只是逃避
那是2013年， 末日的玩笑才剛結束，世界第一的房價所得比卻很真實，社會階層僵固的像旋轉木馬，帶著你拼命轉了，卻奢望不了離開原地，可當時並未意識到，我對社會期待很多，但從沒問過自己能做什麼。\n
飛機一下雲南，便先驅車往茶馬古道的起點西雙版納前進，當時適逢傣族一年一度的潑水節，使我這仍帶著城市保護色的人，一房難求，卻也因此注意到在當地已頗為盛行的住宿方式: 青年旅舍。青年旅舍是透過共享、節約、自律的理念來同時降低旅行所需成本與環境負擔，單一房間普遍分割成4~10個床位，並使用公共衛浴與廚房，隱私少了，與人的交流卻多了。\n

隔壁床位是一位廣州男孩，他說剛失戀、要往麗江走，那裏是豔遇之都，也許找得到女朋友…而上鋪朋友來自張家口，辭了汽車業務工作，想去大理看看白族扎染，合適的話運回家鄉作個小生意，在各自懷揣著天馬行空一陣亂聊後，到了該解決肚皮問題的時間，正走到青旅大廳討論當地有甚麼特色食物時，遇到另一間各來自武漢、成都、惠州的女生住客也正煩惱著晚餐，就這樣一趟西雙版納-大理-麗江-成都的旅行開始了，早在我們意識到之前，沒有人知道明天是否仍一起走，或是我們將會記得彼此多久。那是第一次感受青年旅舍，我們共享一個空間，也共享了一段日子，從此開始擁抱計畫趕不上變化，也學著不再只看著遠方，忘了腳前。\n
爾後一路上120餘間青年旅舍便成了背包生活的中繼站，如今試著回想旅程景點已記不完全，但在每間青旅裡看見的在地人、事、物卻很清晰，這才了解那句 你的生活是我遠道而來的風景，然後不再逃避了，回到台南、揉合成了掘旅。青年旅舍談青年、聊生活，生活即是當代，不在記憶裡的舊時代也不在想像中的未來，它就在我們手邊，等著你篤定心情挽起袖子，往你理想的模樣走去，我們企望透過部分共享的空間，讓到訪的你們因為彼此相遇，有了出乎意料的台南風景。
"
老曼船長鐵道HOSTEL,入住老曼，體驗一種台灣老建築，車站旁隱密的巷子內，進入另外一個時空，70年代的車站辦公室，走上舊式鑲嵌的銅條樓梯，隨著每日旅行的重量，逐漸露出光澤，展現出原有的風華，銅條凹陷的弧度，也些許透漏出了時間印記，當年老師傅手工整齊的磨石子地板，也靜靜地保留在這個時光中，珍貴的台灣檜木窗框，理所當然的保留下來，開放的走廊空間，當時站務員們為了每天來往的旅人，走著，如今，背包的精神重新改變它對歷史的意義，讓我們與火車站比臨而居，坐在窗邊喝杯咖啡，看著旅客熙來擾嚷，昭和11年的日式火車站佇立窗外。
仲青行旅台南館 LIGHT HOSTEL,台南，這座充滿故事環繞的人文府城，來一趟海安路吧，整條街的溫暖將是您意想不到的額外收穫，鄰近正興建商圈、南台影城與火車站，便利的地點、實惠的價格，門遠遊的冒險就交給仲青行旅台南館。
good garden hostel 谷園客棧,我們是位於台南的女性專屬背包客棧，提供每一位來休閒的你，一張舒適的床，一個放鬆的好地方。
成功古巷民宿,古巷靜弄• 比鄰赤崁：永樂小吃，武廟問天，尋街探坊•四通八達。百年歷史•古都尋奇，遊戲府城，但求居心。
府城窩旅 Tainanwow,"府城窩旅是一間以清新風格的設計，盡可能地保留房子的原始結構，不過度裝潢空間格局，為老房子注入新生命的跨界混合旅宿，坐落於台南火車站前方的成功路上，鄰近赤崁文化園區。\n
運用旅行與生活中熱愛自然的態度打造出「環保、貼心、有溫度」的窩，是「窩」系列旅館一直以來所秉持的核心價值，透過運用最低的能源、最少的材料與再回收素材，以期建置一間友善環境概念旅店，讓人與環境能有最和諧的互動。\n
「窩」系列旅館不僅提供平價且舒適的住宿空間，更於公共空間規劃半開放式的公共交誼廳和開放式廚房，館內週末假日不定期舉辦課程活動，例：瑜珈或製作捏麵人、手環、手工皂、羊毛氈等DIY手作課程之外，住宿客人可享優惠價體驗，外界亦可報名參加館內活動或提供外界人士租用，以期與客人共享同樂時光留下美好回憶。\n
每日提供現磨咖啡與茶水，營造家的氛圍與溫度，讓旅客前來「窩」系列旅館就像回到家一樣，可以全然放鬆身心靈。\n
「環保、貼心、有溫度」的窩\n
「環保」即是運用最低的能源、最少的材料與再回收素材所建置之友善環境概念旅店，讓人與環境有最和諧的互動\n
「貼心」是我們勉勵自己成為凡事以旅人為出發、以旅人便利為服務精神的貼心旅店\n
同時亦以最真誠的情感與旅人分享、互動，讓旅人感受到窩最真實的「溫度」。"
紙飛機高雄青年旅館-捷運高醫後驛店,紙飛機青年旅館位於高雄火車站附近，捷運後驛站(R12)就在樓下。 提供寬廣舒適的交誼廳、吧檯兼廚房，讓你在此和各國的旅人相遇。提供免費飲用水和果汁暢飲，享受旅遊的快樂時光。我們採用星級飯店的寢具，讓你享受最舒服的睡眠品質。 紙飛機青年旅館強調隱私性，每個床位均配備遮光窗簾，和個人有鎖置物櫃。我們希望能把青年旅館的文化交流、節能環保理念帶個每個人。整館採用大量節能技術及設備，希望將節能技術及環保理念注入這家新生的青年旅館。
奇異果快捷旅店-高雄車站店,"奇異快捷旅店高雄車站店（原：八八行館），於民國103年12月正式加入奇異果品牌旅館營運。\n
奇異果快捷旅店車站店融合了人文、品味、禪逸、舒適的設計概念，從空間陳設、客房備品到理念分享，均以人文為出發，兼顧獨特品味與樂活自在的享受。高雅、大方的米白色牆面，搭配簡約、別緻的家飾與布置，低調奢華、人文含蘊的設計風格，讓整個室內空間充滿獨特的禪逸與風尚氛圍。"
國泰旅社-背包客的窩,位於高雄，有共用休息室，距離莲池潭不到 1 公里，距離左營車站 1.9 公里。這間住宿距離瑞豐夜市 4.2 公里，距離后驿站 6.3 公里，距離覆鼎金保安宫 7.4 公里。這間住宿全面禁菸，距離高雄市立美术馆 4.1 公里。所有房型均有附淋浴設施和吹風機的共用衛浴，享 WiFi（免費）。這間住宿距離高雄車站 7.6 公里，距離六合观光夜市 7.9 公里。最近的機場是高雄國際機場，距離 Guotai Backpack 17 公里。
AHIRUYAH 鴨家青年旅館,"「鴨家」是由超愛高雄的日本人頭家經營的青年旅館。我們旅館的特色是很多日本客來入住。我們的理念是希望讓每位旅客來住鴨家時，彷彿像回到家的感覺。館內的設計是充分的公共空間、燈光的控制，讓旅客在外面玩了一整天回到鴨家時，可以好好放鬆。\n
在鴨家以日本客為首，許多的外國旅客都來此入住。大家都是因為喜歡台灣，想要跟台灣人有更多的交流。那來鴨家入住時，何不一起幫一點點小忙讓他們喜歡上台灣呢?接著，一起在高雄旅行時創造出美好回憶吧!"
小承輕旅,"承億文旅要帶給旅人的，是能被體驗、被閱讀、有所感受的旅憩場域，這感受是獨一無二，走入每一位旅人心裡的。依樣是不能畫出好葫蘆的，因此我們努力讓每一座旅店都蘊含著在地風物與細入人心的情感，風物寫景、情感蔓延，因此，即使承億文旅是連鎖品牌，但從未追求連鎖旅館百分之百標準化；只因深信：被每座城市所擁有的承億文旅，都有它想告訴旅人的獨一無二的感性樣貌。\n
我們也努力達到一座飯店就是一座美術館的理念，積極與藝術家合作在館內舉辦展覽，與旅客也以一年後送達的慢遞明信片聯繫起情感，以及有問路人行者不停挖掘城市現在活絡的藝術脈動跟觀光景點，提供給旅客旅行新觀點。\n
不只是一個過站，我們希望成為旅行的目的地。\n
每一座城市、每一則旅行、承億文旅在其間持續精彩豐富，多樣貌地演繹著：從嘉義商旅、淡水吹風、台中鳥日子、桃城茶樣子、花蓮山知道、墾丁雅客小半島、潭日月、小承輕旅，以及將開幕的與高雄承億酒店，還有更多未來即將實現的旅夢，隨著夢行者的步履，逐步踏實。"
同．居 With Inn HosteL,"2014‧春天，我們來到了高雄，找尋屬於我們的空間。偶然的機會遇到這棟老房子，親手拚起一顆顆馬賽克，油漆刷上一層層鐵窗花， 保留台式老屋工藝之美，在這陳年磚瓦，砌上純淨的夢想，將走過半世紀的風華老宅賦予新生命。\n
2014‧初夏，同‧居 With Inn HosteL 展開新的故事。我們誠摯的歡迎全世界的旅人來體會台灣老房子的美好，我們提供一個優質且舒適的環境，讓你在陽光灑落的鐵窗花旁，聽著輕爵士在流動，自在的享受每個空間。\n
一人自在，獨享我的旅行。\n
兩人愜意，悠閒美好慢活。\n
三人樂遊，重溫宿舍時光。\n
在這裡，與世界交流，分享生活。"
敲敲門青旅 Knock Knock Hostel,"因為深深的以這個南邊炎熱的城市為傲，想成為旅人眼中美好的一部份，所以懷抱著最溫暖的態度，以另一種方式探索世界。\n
隨時歡迎各地的旅人，前來，敲敲門，希望門後的世界能讓你流連忘返。備有最舒適的床墊及個人床位隔間，讓您在新鮮的環境里探索卻又有自家的生活質量。舊與新的交錯，內部充滿特色布置，開放的公共空間是認識異國朋友的地方！位於高雄捷運後驛站一號出口(步行約一分鐘)"
旅聚居青年旅舍,"旅聚居青年旅舍, 顧名思義,是旅客聚在一起的居住所。\n
旅行，對人們來說，是放鬆、娛樂、體驗、探索甚至沉澱。從自己熟悉的環境到別人熟悉的環境，會感受到截然不同氛圍，再透過語言交流、分享，刻畫出獨一無二的想像畫面。旅行的魅力，在此孕育而生。旅聚居青年旅舍本著對交流的執著，重新詮釋住宿的元素。我們相信，透過邂逅、交流、歡樂共享可以賦予旅行嶄新的生命。青年旅舍，雖然是一種便宜住宿的省錢旅遊型態，卻是能獲得最無價回憶的地方，可能在這找到最契合的朋友暢聊一整晚、從管家們口中獲得私藏景點、品嘗到最道地的銅板美食。而下榻至旅聚居，住宿不再只是睡覺休息，當憩坐在地毯的交誼廳裡，印入眼簾的是遼闊落地窗景，三五不時地俯望穿梭車燈及街燈，是心神容易放鬆的時刻；旅客聚此，各自述說著自己旅途驚喜及試著體會別人經歷，此起彼落的驚呼聲及歡笑聲，是我們理念價值得到證明的結果。愉悅氣氛是時間常被遺忘的兇手，幸運的是，它總是在這裡出沒；「這麼晚了？」"
Uno青年旅舍,Uno青年旅舍- 高雄提供設有空調的宿舍房和私人客房，也提供免費無線網路，距離新崛江購物區僅有幾步之遙。距離捷運中央公園站步行僅需 2 分鐘，搭乘捷運至高雄火車站則需 8 分鐘。步行 2 分鐘即可到達新崛江購物區。捷運美麗島站和六合觀光夜市距離酒店皆為 1.2 公里。到達高雄國際機場則有 20 分鐘的車程。宿舍房的床位設有窗簾，讓住客擁有個人空間，在每個床位也提供了個人插座、個人燈具和儲物櫃；並可使用共用浴室和共用廁所。私人房間則設有平面有線電視、電熱水壺和冰箱。房間內的私人浴室並配有淋浴設施和吹風機。館內提供自助洗衣設施，公共區域也有電腦可以使用。在飯店附近步行即可到達各種道地的餐飲場所。
遊大俠x七桃公寓,七桃公寓，裝潢新穎中帶著一絲木質調的溫馨氣息，不同於一般青旅的簡便硬體，七桃在每間客房都設有門禁鎖並提供床位極具私人空間感的遮罩，快來七桃一起趣陶生活吧！善用便利的設施服務，其中包括免費無線上網以及旅遊諮詢/購票服務。七桃公寓位於高雄 (高雄市中心)，開車 5 分鐘即可抵達六合夜市和愛河。 此青年旅館位置絕佳，從這裡開車 3 公里 (1.9 英哩) 可以抵達駁二藝術特區，開車 4.5 公里 (2.8 英哩) 則會到瑞豐夜市。
美麗道商旅,"我們是高雄新開幕的商旅，本館位於高雄市中心，距離美麗島捷運站及信義國小站步行約3-5分鐘，館內提供24H免費自助點心區，房內使用上山採藥沐浴組、西班牙Roca衛浴設備及免治馬桶、國際牌熱水壺及負離子吹風機。真心期盼每一位來到我們商旅的旅人,在您短暫落腳的日子裡,也像回到家般的輕鬆自在｡...旅行,就從這開始~"
背包41青年旅館 - 高雄館,「背包41」高雄館位於高雄市中心，緊鄰主要百貨商圈區(附近有新光三越百貨、Sogo百貨、大遠百百貨，步行皆約三分鐘)，是間日系雜貨風格的獨棟建築。為了讓您在有限的預算內旅遊，我們提供一個全新、舒適、安全、便宜又乾淨的環境。「背包41」位居巷內，鬧中取靜 、交通方便，步行5分鐘可提供您生活和休閒所需（周邊有夜市、24小時藥局、傳統市場、公園及中西式早餐店，並且有高雄捷運﹝紅線﹞及多條公車路線通往各地
飛行家青年旅館FLYINN HOSTEL,"高雄．飛行家青年旅館 高雄市合法旅館，大廳寬闊使用木頭家具佐以低調質感壁畫與裝飾，讓空間呈現出慵懶的咖啡廳氣息，讓您不論是在此放鬆用餐或是與旅伴聊天都十分愜意。」\n
高雄．飛行家青年旅館 位於高雄市區，靠近三多商圈，出三多捷運站出口只要步行約兩分鐘便可抵達，周邊交通四通八達，與城市光廊、光榮碼頭、星光水岸公園、高雄展覽館、駁二藝術特區等皆短短車程可到，便捷的地理位置是您來到高雄旅行的最佳住宿選擇。\n
「高雄．飛行家青年旅館」備有男女混層背包房、女生層背包房與八人房，旅人可依自己需求選擇適合房型，房間佈置簡約清新，上下鋪加上門簾的方式讓旅人保有個人空間，在「高雄．飛行家青年旅館」內盡情放鬆身心，渡過舒服自在的美好夜晚。"
旅悅 國際青年旅館,品牌故事-旅悅，努力成為「旅人築夢之旅的最佳歇宿空間」 旅悅的創辦人 Jeff ，台灣科技大學管理碩士，曾任職於股票上市公司經營管理部門主管，也曾擔任多家科技大學專兼任教師師，2012年看到中原大學學生拍攝「為什麼外國背包客不來台灣？」影像專題，有感於深度旅遊對台灣庶民經濟的重要，於是與鋼琴教師的太太 Melody 同心打造一間能夠吸引國際背包客，向世界傳送「台灣的美好」的青年旅館，希望為推廣在地文化盡一份心力。 於是 Jeff＆Melody 將穩定收租的房子收回，又拆除自己居住的樓層幾百萬裝潢，更邀請朝陽科大視傳系產學合作，讓學生有機會參與企業發展CIS的規劃設計實務，也讓年輕人釋放活潑的創意來營造自己青年旅館的嶄新生命，精心規劃下誕生了「旅悅國際青年旅館」。 旅悅提供背包客時尚，超值，安全，乾淨，便利的住宿環境，更協助旅人旅行獲得愉悅，因此旅悅不僅是 Jeff和Melody 的夢想，更要和全世界的朋友一起追逐夢想，分享夢想。 關於品牌D'well，旅悅的英文名稱，D'well隱含了兩個層面的意義。 第一，Dwell一詞，在英文中有居住，住所的意思，正如同旅悅想成為世界旅人來築夢，追夢的家園的理念； 第二，D'well是Dream well的意思，希望來到這裡的朋友們，都能勇敢追夢，讓美夢成真。 D'well旅悅不僅是品牌名稱，更是我們經營理念與目標。 \n旅悅的用心 (1) 2013年5月開幕，當時眾多部落客評價為五星級青年旅舍，帶動台灣青旅設計風潮與發展。 (2) 邀請台灣最大背包客社群TPG定期來旅館舉辦自助旅遊分享會，促進高雄自助旅行風潮。 (3) 邀請「這個台灣郎會25種語言」的作者謝智翔來館每週舉辦多語咖啡活動及不定期文化祭，讓旅客及高雄朋友能彷佛置身國外，與各國旅客交換語言交流文化。 (4) 2014年起舉辦兩屆走讀高雄攝影比賽，2017年起擴大舉辦「旅閱台灣」全國攝影比賽，是全台唯一青旅在舉辦攝影比賽，更是全台極少數旅館願意每年投入資源為留住台灣的美，分享台灣的好，而努力的旅店。 (5) 在高雄，床鋪最大的青旅。在高雄，國際旅客最多的青旅。
天藝商旅,"《SKYONE HOTEL天藝商旅》位於高雄市精華地段，距高雄市觀光景點六合夜市僅250公尺，南台灣最具潛力的旅行入口。\n
《SKYONE》-意指在這部電影藍天之下，我們要達到每旅客心裡第一名的期盼用心耕耘，希望旅客來到這裡，擁有最美好的回憶及住宿體驗。\n
‍《SKYONE HOTEL天藝商旅》以「顧客至上 / 以客為重、用心感動」為品牌理念，為旅客提供舒適便利的環境、貼心的服務，重視旅客的各項需求，期望旅客能夠在《SKYONE HOTEL天藝商旅》中「放鬆、歡樂、感動」，無論忙於商務或天一商旅。\n
位於高雄市中心，距離市議會捷運站和六合觀光夜市有5分鐘步行路程。開車10分鐘內即可到達駁二藝術特區和國立科學工藝博物館。最近的機場是高雄國際機場，距離酒店有不到18分鐘車程。我們秉承“顧客至上”的品牌精神，確保我們的客人以實惠的價格獲得溫暖、有趣和難忘的服務。天藝商旅是您來高雄旅遊的最佳選擇。"
巢鴨青年館,"是一間1星級酒店，可讓您的高雄市之行變得更舒適安逸。 酒店為顧客配備了一系列的設施和服務，旨在讓各位住客能夠享受更多舒適與方便。 秉承顧客至上的服務理念，鳳梨背包客棧的工作人員將為您提供最體貼入微的服務。 客房內必需品一應俱全，部分客房提供包括其中的清潔用品, 免費紅茶, 毛巾, 晾衣架, 拖鞋等，可保障您的住宿舒適。 酒店內設多種娛樂設施。 不論您是帶著何種目的前往高雄市，都可讓您感到尤如置身間中的溫馨與舒適。"
NJOY TAKAO KITCHEN,"迎著晴朗無雲的藍，西子灣到站！昔日打狗驛站旁，曾是船舶靠岸、繁榮現代化起源的哈瑪星，今日，交會了城市輕軌、捷運與渡船頭，開展多種旅行的可能。循著高雄的陽光，拐過街口，相仿民宅間一幢留有鐵窗花的透天厝，深色招牌寫著「N JOY TAKAO」，門廊下擺放著露營折疊椅，照明提燈、在地選書與設計單車，有如營帳前的美好歡迎，從戶外到餐桌，給妳旅行與歡樂無限多！\n
如果要環島，妳會選擇哪一種交通方式？已經環島十幾次的Mouse說，他要用自己的熱血和汗水轉動車輪，用自行車說出368個鄉鎮的故事，不只出走戶外大自然，也分享在地生活與美味，從台中開啟夢想，到落腳高雄家鄉，邀請每一個妳一同加入認識台灣的精彩旅途！"
嶼海tuà-hái,我們位在交通超便利的恆春鎮上，傳達一個真正民宿的概念，提供簡單乾淨的房間與舒適的公共空間，​讓你享受舒服自在的南國日常。一樓大廳屬於旅人的共享空間，大空間的視聽投影區、愜意高腳吧檯區，還有咖啡調飲及女主人手做點心可以享用，我們喜歡在這裡與每個新朋友老朋友小酌閒話家常。兩位屋主同住於此房源，都是熱愛海洋的潛水教練！歡迎來到恆春的朋友，除了享受南國風情，也一起探索比陸地還精彩的水下世界！
Divingmind潛意識恆春分部,"潛意識，心靈深處被壓抑無從意識到的慾望\n
自由潛水，一口氣的片刻滿足心靈\n
DivingMind潛意識恆春分部位在恆春，距離墾丁大街 11 公里，距離猫鼻头 12 公里，提供 WiFi（免費）、空調、共用休息室和露台。這間民宿提供附陽台的住宿。這間民宿設有平面電視。DivingMind潛意識恆春分部提供租車服務。這間住宿距離四重溪温泉 13 公里，距離船帆石 14 公里。最近的機場是高雄國際機場，距離 DivingMind潛意識恆春分部 90 公里。"
悠樂趣潛水俱樂部,"悠樂趣潛水俱樂部是在墾丁新開的潛店（水肺潛水、自由潛水都有），這裡就在恆春市區，機能超級方便！這次是搭墾丁快線到恆春轉運站，走路5~10分鐘就到了，很適合想學潛水卻沒交通工具的人。來這邊上課有都含住宿＋裝備。位於恆春唯一專業潛水用品，提供潛水用品租借及購買，包含水肺潛水，自由潛水，水域相關用品,歡迎詢問各項用品,現場購買或訂購，提供用品最精闢的介紹講解到屬於你最高，讓你可以買ＣＰ的用品。我們沒有賣昂貴的高級品牌，只提供ＣＰ值最高、最實用的商品。擁有多年潛水教學經驗,提供潛水相關課程或是複習＆體驗課程，水肺潛水，自由潛水，技術潛水，旅遊潛水行程安排，都有安排。店內提供相當舒適的休息環境，相關書籍及咖啡飲品，桌遊玩樂。"
SEACHANGER正式自由,提供自由潛水課程、導潛、住宿，讓你在恆春不無聊
醉初自由潛水,店家無提供此相關資訊
潛水部落 D Dive Center,PADI潛水課程考照/AIDA自由潛水課程/潛水裝備銷售/潛水旅遊
浪影 surfilms 背包旅宿,"尋尋覓覓了好幾年，終於找到夢寐以求的老房子，保留了整棟建築的整體架構，經過六個月的整修，完成了我們夢想的家園，目前除了自住以外，也將二樓整層規劃為背包客房，每天最多接待六位房客。希望每個來到浪影的旅人們，能夠在這個空間裡享有家的溫暖。我們對於海洋有一種執著，老闆每天除了晚上在墾丁大街擺攤販售手工製作飾品以外，白天只要浪況不錯，都會出現在海邊，若您需要衝浪教學，亦可與我們洽詢，將會幫您安排專業教練指導上課事宜。\n
因某些顧客會希望一整個家庭入住，若有需要可將整間房間全部包下的方式入住，可依照您的需求最多六人入住不加床，如此整間房即為您家人的私人空間，不需要與其他旅人共用房間。
"
暖洋潛水旅宿,傳達了海洋和舒適的特點。名稱中的「暖洋」可能象徵著這個旅宿處提供的舒適和溫馨，彷彿是一個讓您感受到海洋氛圍的地方。「潛水旅宿」則表明這個地方可能特別關注並提供潛水體驗，為愛好潛水的旅客提供了一個專屬的住宿選擇。
好好睡GOOD HOSTEL,理念是歡迎客人和老闆一起把湛藍大海帶進旅行更帶入生活，創造屬於自己的海洋日常。一起好好生活，好好潛水，好好的過著自己喜歡的日子。所以將民宿名稱取為好好睡GOOD HOSTEL。
鯊墾丁潛水旅店 ,名稱中的「鯊」可能意味著這個民宿有著獨特的氛圍，似乎具有一種動感和活力。「墾丁民宿」則表明這個地方位於墾丁，可能提供了一個在這個美麗景點中的住宿選擇。
no excuse X the ride 小帳篷 背包客住宿,名稱蘊含了自由、冒險和背包客體驗。名稱中的「no excuse」意味著這個住宿地方鼓勵人們充分享受生活，毫無顧慮地追求自己的冒險和熱情。「X the ride」可能表達了與旅行和冒險相關的元素，暗示這是一個專為愛好冒險和旅行的人們而設計的地方。「小帳篷 背包客住宿」則強調了這個地方可能提供了輕便和獨特的背包客住宿體驗，彷彿是一個小巧而舒適的帳篷中。
南喃背包輕旅,名稱帶有一種寧靜、輕鬆的感覺。名稱中的「南喃」可能呈現了一種優雅和安靜的意象，彷彿是一個讓人放鬆心情的地方。「背包輕旅」則表明這個旅宿可能提供了輕鬆、輕便的住宿體驗，適合背包客和喜歡輕旅行的旅客。這家背包輕旅可能為您提供了一個寧靜、舒適且輕鬆的住宿環境，讓您能在這個地方享受一段寧靜的時光。
海島瘋３號店－薄荷小日子旅宿,名稱結合了島嶼、輕鬆和愉快的元素。名稱中的「海島瘋３號店」可能表達了這個旅宿位於海島上，突顯了地點的特色，並透露一種對海島旅行的熱情。「薄荷小日子旅宿」則暗示了這個地方提供了輕鬆、愉快的住宿環境，彷彿是一個可以放鬆身心的地方。
貓魚小窩,結合了可愛的貓咪和海洋的元素，呈現了一種溫馨且海洋氛圍的感覺。名稱中的「貓魚」可能象徵著這個民宿的親切和有趣，可能與貓咪的可愛特質有關。而「小窩」則表達了這個地方是一個舒適、溫馨的住宿地點，讓人感到宛如家的感覺。
恆茄-自由潛水背包客棧,結合了潛水、自由和背包客的元素，突顯了這個背包客棧的特色。名稱中的「恆茄」可能表達了穩定和持久的意象，似乎是一個能夠提供長期住宿和體驗的地方。「自由潛水」則暗示這個地方可能關注並提供潛水體驗，為愛好潛水的旅客提供了一個自由和多元的水下探索環境。而「背包客棧」則表示這個地方可能提供了背包客式的住宿，強調了輕鬆和社交的氛圍。
墾丁幫客青年旅館 ,融合了墾丁地區的特色和青年旅館的概念。名稱中的「墾丁」突顯了這個旅館的地理位置，可能緊鄰或位於墾丁地區，讓旅客能夠輕鬆探索當地的美景和活動。「幫客」可能表示這個旅館致力於為客人提供周到的服務，讓他們在旅途中感到被照顧和幫助。「青年旅館」則暗示這個地方可能為年輕旅客提供輕鬆、經濟且社交的住宿環境，強調了年輕人喜好的活潑氛圍和互動。
水采田潛水酒吧民宿,結合了潛水、酒吧和民宿的元素，呈現了一種融合水上和陸地體驗的氛圍。名稱中的「水采田」可能表達了水域中的豐富和多樣性，可能突顯這個民宿提供了潛水和水上活動的機會。
騏艦藍海灣&潛水度假村,稱結合了海灣、潛水和度假村的元素，展現了一個融合海洋和度假休閒的住宿選擇。名稱中的「騏艦藍海灣」可能暗示了這個地方位於一個寬闊的海灣，突顯了水域的特色，並可能引人想像這個地方的美麗景色。
深度潛水Deep Dive Center,名稱直接表達了這個地方的主要特點，即提供深度潛水的體驗和設施。名稱中的「深度潛水」明確指向這個中心專注於提供深度潛水活動，可能表示這個地方適合那些想要進一步探索水下世界，深入水域的潛水愛好者。
TIAMAT® Diving Club × 苦水輕旅,TIAMAT®是古代蘇美爾神話裡的女神，是孕育出所有神明的母神，也是原初混沌時期中的創造象徵。「TIAMAT」在阿卡德語中有「苦水（咸水）」之意，我們位於台灣最南端，坐擁三面完全不同的海洋體系的潛水輕旅，而海平面下潛藏了繽紛炫目的珊瑚礁生態，因物種多樣性，吸引著各地熱愛海洋的海人們齊聚，分享著自己對海洋的熱情，並將愛護海洋的信念傳遞給所有人。
輕旅宿,名稱可能暗示了這個住宿地點的輕鬆、舒適和便捷特質。名稱中的「輕」可能指向這個地方提供輕鬆、無壓力的住宿環境，讓旅客能夠在這裡享受輕鬆自在的時光。「旅宿」則表示這個地方是一個提供住宿的場所，強調了它是一個適合旅行者休息、放鬆和探索的地方。
留下旅舍/ The Way Hostel&Bar,「留下」這個詞彙可能意味著這個旅舍是一個可以讓人留連忘返的地方，旅客在這裡可以放鬆、休息，並創造美好的回憶。「The Way」可能暗示這個旅舍所提供的是一種旅程的方式，是一個可以引導旅客尋找和體驗新事物的場所。
深呼吸潛水渡假民宿 ,在我們的星球上，藍色的海洋佔據著70%的面積，而陸地僅佔29%。有過想過能夠擁有這整顆地球70%的感覺嗎？深呼吸潛水度假名宿將帶您開啟一場蔚藍之旅，讓您逃離陸地的喧囂，進入嶄新的維度，一同勇敢地探索海底世界的神秘奧秘。因此取名為深呼吸潛水渡假民宿。
台灣潛水墾丁店,此店家無提供相關資訊
光合樂潛水度假中心,顯示了這家店提供了潛水和度假的結合，並強調了與自然相互作用的概念。「光合作用」是植物進行的一個過程，它們透過光能轉化二氧化碳和水為能量，同時釋放氧氣。
好好潛水 GOOD DIVE,理念是歡迎客人和老闆一起把湛藍大海帶進旅行更帶入生活，創造屬於自己的海洋日常。一起好好生活，好好潛水，好好的過著自己喜歡的日子。所以將民宿名稱取為好好睡GOOD HOSTEL。
新發文旅公園店,此店家無提供相關資訊
車城背包客棧,這家民宿位於車城地區，提供背包客們一個舒適和方便的住宿選擇。名稱中的「車城」指明了這個地點，而「背包客棧」則表明這是一個適合背包客的住宿選項。
三鮫貓潛水,此店家無提供相關資訊
HDK旱鴨子自由潛水(HanDucK),蘊含著創意與遊戲感，結合了自由潛水的體驗與一種幽默趣味。「HDK」可能是「HanDucK」的簡寫，而「旱鴨子自由潛水」暗示了在水下的自由探索。名稱的遊戲性可能突顯出潛水體驗的趣味和輕鬆，同時也讓人聯想到在水下如同旱鴨子般的自由感覺。
墾丁返璞歸真背包客棧 Backpacker,名稱顯示出這家民宿追求回歸自然、簡約的住宿體驗。名稱中的「返璞歸真」暗示了回歸最真實、自然的狀態，可能代表著在這裡可以遠離繁囂，享受寧靜與自在。而「背包客棧」則暗示這是一個適合背包客的住宿選擇，提供輕鬆、輕便的住宿方式。
墾丁 My Home 青年旅館背包客棧,名稱呼應著一種親切、溫馨的住宿環境，仿佛將旅客帶入到自己的家一般。名稱中的「My Home」表達出這裡的住宿環境像是您的家，提供舒適和自在。而「青年旅館背包客棧」則強調了這是一個適合年輕旅客和背包客的住宿選擇，可能注重社交和互動的氛圍。
好心情-墾丁背包客棧（2館）,名稱中的「好心情」表達出這裡的環境和服務會讓旅客心情愉悅，可能提供著輕鬆愉快的住宿體驗。
星空/太空艙旅店,名稱中的「星空」可能代表著在這裡，旅客可以欣賞到美麗的星空景觀，享受寧靜的夜晚。而「太空艙旅店」則可能指出這個旅店提供的住宿空間具有獨特的設計，可能讓人感覺彷彿置身於太空艙中，帶來別樣的體驗。
The First 南灣青年旅館,這是南灣地區的第一家青年旅館，可能象徵著該地區的新開始和新體驗。這個名稱也可能強調了他們在提供住宿服務方面的優越性，讓旅客能夠在南灣地區的首次住宿中享受到舒適和愉快的經驗。
台中潛立方,意味著在這裡，您可以探索、體驗和學習各種潛水技巧和知識，讓您的潛水之旅更加立體和多元化。
綠夜文旅,一間簡單小清新的旅店，全館樓層進出全都有科技防護，樓層走廊與房間帶點藝文風，提供雙人房到四人不同人數入住，房間設備一應俱全乾淨舒適，每間客房皆有獨立私人陽台，以及空調，質感新時尚距離勤美誠品綠園道不到50公尺，一出旅館門口，你就可以感受到這裡的在地文化，地點是每位旅人的住宿首選，附近各式商店林立，老闆是道地的在地人，這邊沒有早餐的原因，是因為體會到當地有無數的好吃早點，於是將房價都回饋到旅客身上。
 草悟道文旅,這是一個融合了自然、文化和旅遊體驗的地方。「草悟道」可能代表著一條通往自然、靜謐的小徑，象徵著人們在這裡可以放鬆心情、體驗大自然的美麗。
台中草悟道住宿綠宿行旅,綠生活為概念，秉持友愛大地的心，打造充滿綠意、環保的休憩空間，將大量自然元素融入設計，與旅人一同體驗城市旅行的自在與溫暖。
時空行旅,時空行旅採自助旅店的經營模式，將空間以一個家的概念作為出發點，營造出每位旅人穿梭世界各地的中繼站，在時間上行走，感受人情的溫度，拉近彼此的距離。本館位於台中市西區繁華地帶的小巷街角，鬧中取靜的地理位置，便捷的交通輸送鄰近著名景點，旅館距離廣三 SOGO 百貨 和勤美誠品綠園道及國立自然科學博物館僅有5-10分鐘步行路程。全館共三十六間客房，每層樓盡不同風格色調以添增多樣化選擇，獨立且舒適的體驗絕對是您性價評比的最佳首選之一。
承億文旅 - 台中鳥日子,承億文旅要帶給旅人的，是能被體驗、被閱讀、有所感受的旅憩場域，這感受是獨一無二，走入每一位旅人心裡的。依樣是不能畫出好葫蘆的，因此承億文旅努力讓每一座旅店都蘊含著在地風物與細入人心的情感，風物寫景、情感蔓延，因此，每座城市所擁有的承億文旅，都有它想告訴旅人的獨一無二的感性樣貌。
三好行旅,"延展三好精神，稻穗金黃。愈飽滿。愈謙遜。\n
飽滿，將生命拓展延伸。\n
謙遜，讓胚芽茁壯營養。\n
「三好集團」飽滿而謙遜的內涵。\n
向外延伸、成長、茁壯。"
快樂腳旅棧,以民宿型態與風格的經營旅店，有別於旅館的制式裝修，有飯店專業的消防安全設備，秉持如家一樣舒適的氛圍，讓遠來的旅人在台中有一個自在舒適的住宿點，是台中最小的旅館，也是台中最大的民宿。
嬉·行旅 Hotel Si,「嬉」不僅是指美麗窈窕的女子，更涵蓋了每一個美好的日子。
旭日文旅,"位於著名的北區，地理位置優越。為你提供住宿期間的一切所需。秉承顧客至上的服務理念。客房裝飾精美，部分內設衣櫃, 清潔用品, 免費茶包, 毛巾, 已鋪地毯等。住宿內設有多種娛樂設施。"
台中大毅老爺行旅,座落台中人文薈萃之草悟道商圈，170間精緻舒適客房及1間獨立餐廳，展現出「The Place老爺行旅」Fun、Fusion、Fashion的獨有品牌特性，創造出不拘於既有框架的旅遊體驗。建築外觀以獨特幾何形狀及通透大片玻璃轉換出不同角度之方框，不僅讓整個建物營造出自由流動的視覺感，更讓旅人飽覽台中猶如萬花筒般多采多姿的日夜美景。客房內部以藝廊概念規劃整體空間，黑白簡潔明亮色調定位出多元功能的美學場域，可讓更多藝術、設計創意人能在這個場域匯聚出多變豐富的藝文能量，傳達台中這座城市無限的創意與想像力。
YOURsHome 你的民宿,名稱強調了攝影和住宿的結合，營造了一種獨特的體驗。名稱中的「OURs」可能意味著這個地方是屬於旅客們的，突顯了個人化和親切的特色。「攝影體驗+溫馨住宿」則表明這個民宿不僅提供了舒適的住宿，還加入了攝影體驗的元素，可能為旅客提供了一個讓您在住宿中同時享受攝影的機會。
圖格旅 TG Hostel,"圖格旅 (Together)，stay Together. 我們將中區街道上的兩間舊屋重整翻新，想讓旅人接觸與認識這個友善與舒適的在地空間。在與舊城文化街景的融合下，感受在地人所見所思、或結識來自各地的朋友，一起享受這趟旅程路上的美好停留。\n
圖格旅結合兩棟老屋改造設計，以極簡現代風格，加上大片植栽包覆，打造為綠色建築，並保存了些許的歷史痕跡。大面積景窗、露臺拓畫出明亮寬敞的空間，並以舒適為出發點選用設備設施，提供最好的休息環境。"
荷米旅居 Hommie Inn,旅遊中回到荷米，感受到家庭的幸福、滿足。旅遊後回到家裡，體會人生支持的力量。開啟荷米的大門，步入荷米，映入眼簾的是象徵不同國家的幸福祈願溫馨的擺設，親切的接待就像家人，在荷米旅居感受充電吧。充滿旅程的電力，老闆希望每一位旅人，都可以自在的找到自我。
紅點文旅,傳達了一種特別和獨特的印象。名稱中的「紅點」可能象徵著這個文旅的突出和獨特之處，彷彿是一個吸引人的焦點。「文旅」則表明這個地方可能融合了文化和旅遊元素，提供了一個讓您在住宿中感受文化體驗的地方。
黑金文旅 Kgoldhotel,名稱蘊含了獨特的風格和文化元素。名稱中的「黑金」可能象徵著這個住宿處的獨特和高品質，彷彿是一個隱藏的寶藏。「文旅」則表明這個地方可能關注並融合了文化和旅遊元素，可能提供了一個讓您在住宿中感受到文化體驗的地方。
麻雀巢行旅,名稱蘊含了小巧而舒適的意象。名稱中的「麻雀巢」暗示了這個行旅是一個小而精緻的地方，可能提供了一個簡單卻舒適的住宿環境。「行旅」則表明這是一個專為旅行者打造的住宿選擇，可能提供了輕便而便利的旅行體驗。這家行旅可能為您提供了一個溫馨、簡約且舒適的住宿選擇，讓您能在旅途中找到寧靜和輕鬆。
巢旅宿 SU Taichung Hostel,名稱傳達了一種溫馨、家一般的感覺。名稱中的「巢」暗示了這個旅宿是一個能讓您感到舒適和溫暖的地方，彷彿是一個溫馨的巢穴。「旅宿」則表明這是一個為旅行者提供住宿的地方，可能提供了一個讓您在旅途中找到家的感受。
圖森小棧,「圖森小棧」這個名稱呈現了一種親切和舒適的氛圍。名稱中的「圖森」可能表達著這個小棧充滿了美麗和風景，彷彿置身於一幅美麗的圖畫中。「小棧」則強調了這個住宿處的溫馨和親切，可能提供了一個簡單且舒適的住宿環境。
承攜行旅 台中自由館 ,曾有許多旅店經歷過歷史的繁榮，隨著時代轉變，被淡忘勢微，承攜行旅透過自主開發的科技設備，為這些曾為時光與文化浸潤的地方旅店，提供便捷的入住、高品質服務及全新的住宿體驗。
宜舍單人旅店,"歡迎蒞臨 宜舍單人旅店(Ease Single Inn) 這裡是讓旅人們放心歇息，安心放鬆的旅行空間，這裡是旅途中最美好的休息點，能讓您充滿精神繼續下一個目的地。\n
LOW PRICE 低價\n
用優惠的價格享受高質感的設備服務，讓旅人們省荷包之外，也能擁有安心及輕鬆的旅程。\n

Comfort 舒適性\n
貼心打造隱私的單人空間，提供各地的旅人們有個溫暖、輕鬆的休憩氛圍，在宜舍單人旅店發現不一樣的旅行方式。\n

Convenience 便利性\n
坐落於台中火車站的精華區、台中重要幹道～台灣大道上，離火車站只需步行5分鐘，高鐵站15分鐘，下方有四通八達的公車站牌，交通十分便利。輕鬆就能到達目的地，不管是觀光遊覽、時尚購物或商務洽公，都能讓您的行程帶來更多便利與驚喜。\n"
新盛橋行旅,當清晨的第一道曙光照進房內，隨即印出窗花形狀，溫暖著床被，漸漸入夜時，客房燈光一盞一盞的亮起，更像有股魔力般的光影再次點亮起窗花在地精神結合日式行旅的概念，讓每位旅人們感受臺灣這個充滿人情味的寶島，有著最特別的視覺住宿享受，也期盼曾有著小京都美稱的百年歷史新盛橋及綠川，能夠迎接下一個百年新盛的到來。
路得行旅 國際青年旅館 台中站前館,"Ｎorden Ruder路得行旅,在德文中，意為北方的舵，亦像北極星一樣，能為旅人在各自的旅途中，指引方向。路途中，會有付出，願意分享、獲得的難能情誼，都將成為生命中的美好星光。"
葉綠宿．茶覺旅 ,融合了茶文化和自然環境的元素。名稱中的「葉綠宿」似乎暗示了這個宿所位於綠葉茂盛的自然環境中，彷彿置身於一片自然的綠洲。而「茶覺旅」則表明這個旅館關注並與茶文化相連，可能為您帶來一種平靜和寧靜的感受。這家旅館可能為您提供了一個與大自然和茶文化相融的住宿體驗。
旅巷自在輕旅 ,"位於台中車站旁的青年旅館 旅巷能讓您安心一宿，輕鬆出遊。我們用心，讓共享也能住得自在舒服。\n
旅巷－LooSha，從羅馬拼音念起來，就是台語旅社的發音，旅字精準點出服務的定位，而巷代表等待被探尋的驚喜時刻。\n
有時旅行的意義並非走進名勝景點，而是在旅途中走過的每扇窗、每條巷弄、與當地人的問候，交織成一趟旅程難忘的印象，並重新賦予這座城鎮一個專屬的名字。"
沐品居太空旅棧 ,名稱中的「沐品居」暗示了這個膠囊旅店提供一個讓您沐浴在舒適感中的住宿環境，彷彿享受家一般的感覺。「膠囊行旅」則表明這是一個專為旅行者打造的住宿選擇，提供便利和輕便的旅行體驗。這家膠囊旅店可能為您提供一個簡約而舒適的住宿選擇，讓您能在旅行中找到輕鬆和愉悅。
挪威森林台中行旅3號館 ,挪威森林行旅3號館位於台中轉運站正前方，整體外觀風格優雅清新，彷彿置身於歐洲南方莊園，旅館內設有森活小語餐廳、森活小舖、商務中心、自助洗衣區、露天旋轉樓梯打卡區、健身房，更結合了Mr.WISH鮮果茶玩家與Gogoro電動機車充電站，提供多元化設施與服務讓每一位旅客都能享受到不一樣的體驗。
漫旅光城,漫旅光城，漫步在台中城，丟掉束縛，甩開煩惱，放慢腳步，帶上一點好奇心，來到漫旅光城，只需享被陽光擁抱的溫度。我們打造28間低調奢華、極之簡約的套房，以簡單的色系勾勒出整體氛圍，每位旅人都能品味獨特的住宿空間，享受簡約設計與巧思的裝置，客房內提供許多高級設施，附設平面電視、冰箱、白色質感衣架以及質感壁燈，部分房型更配有沙發、陽台、浴缸，讓旅人在此可以放鬆地歇息，留下別緻的台中記憶。
快樂腳旅棧,快樂腳旅棧是以民宿型態與風格的經營旅店，有別於旅館的制式裝修，有飯店專業的消防安全設備，我們秉持如家一樣舒適的氛圍，讓遠來的旅人在台中有一個自在舒適的住宿點，我們是台中最小的旅館，也是台中最大的民宿，歡迎朋友來我們家玩。
藻宿-找宿,名稱蘊含了對海洋生態和住宿需求的照顧。名稱中的「藻宿」可能意味著這個民宿將為您提供一個與海洋相連的特殊體驗，可能與海藻相關的元素。而「找宿」則表明這是一個尋找合適住宿的地方，旨在滿足旅客的住宿需求。這家民宿可能位於與海洋相關的區域，為您提供了一個舒適的住宿選擇，讓您能在自然景色中尋找到寧靜和愉悅。
余舍行旅,2019全新落成的余舍行旅，緊鄰著高鐵通往市區的環中路和國道一高交流道，附近有逢甲商圈、國家歌劇院、中科園區和水湳經貿園區。醒目的外觀更是擁有媲美20世紀建築師高第作品的美名，在國道上，於南下北上往來的車輛中一眼便能辨識。余舍行旅創辦人回想: 從小在台中西屯長大，回憶起小時候，在台中12期重劃區及逢甲還是一片農田、綠地時，這裡曾是許多學童放學後的天然娛樂場所。伴隨著蟲鳴鳥叫，我們的孩提時光是在茂綠的樹木與錦簇的花叢包圍中長大的。為了重拾孩提時光的記憶，希望以環保綠建築的形式，將對土地的情感保存下來。在客房露臺與飯店後院中，皆細心種植各式花草、樹木，能輕鬆感受到與大自然親近的美好，也成為台中鮮少擁有大片綠地的旅店。
璞樹文旅 TREEART HOTEL,"在文創與精品時尚風行的台灣，一座深具地景意義與精彩內裝的設計款旅店，必然令旅人們的記憶更有情趣。\n
外觀以樹型沖孔金屬構件包覆，是「璞樹文旅Tree Art Hotel」建築上的一大特色，一樓廊下天花板以大量、不同長度的壓克力棒演繹湛藍的波浪光帶，牆面造型穿插植生牆的軟元素，在自然律動中保留人文暖度。挑高的迎賓Lobby三面各有主題，包括水幕造型牆、迎賓櫃台和火光逼真的科技壁爐牆，加上懸浮於天花板的金屬雲朵，體現多元美學與材質的衝突、融合、和諧。"
台中朝聖行旅,名稱中的「朝聖」意味著這個地方是旅客尋求寧靜和心靈撫慰的選擇。這家旅館提供一個舒適且安靜的住宿環境，讓您在台中的朝聖之旅中找到寧靜和平靜，並希望旅館在台中可以作為朝聖地的角色
淼淼旅墅,位處馬公風櫃尾，是與世隔絕的絕佳秘境，擁有觸手可及270度廣闊無際的海景。裝修風格融合侘寂的「和」「敬」「清」「寂」。營造舒適安心平靜的渡假優居。
大山營區旅宿,將您帶入了一個山脈和海灣的結合之處。名稱中的「亞青灣」似乎暗示了這個區域的海灣美景，而「山露營區」則強調了這個地方提供的露營體驗。這家露營區為您提供了一個與自然親近的機會，讓您能在山脈和海灣之間尋找到寧靜和樂趣。
澎湖嵵裡。仙人掌海景民宿,嵵裡。仙人掌海景民宿，房房海景圍繞，座落在嵵裡沙灘不遠處高丘上的這間2019全新民宿，擁抱著澎湖人共同記憶的沙灘，以及沙灘向南方延伸的海景，不論是沙丘上堆積著漁村的氣息與數十年不變的悠閒腳印，還是向南而去屬於夏天的蔚藍，秋天的金箔，甚至冬天的銀白，都可以在民宿五個擁有陽台的海景房內一覽無遺，精巧的民宿除了房房海景陽台的澎湖美景外，一樓玻璃小屋在陽光斜入，帶著海水溫度的南風吹撫中，喝一杯咖啡下午茶，渡假在嵵裡。仙人掌海景民宿，是一種在澎湖最不浪費時間的浪費時間。
澎湖香亭民宿,是澎湖縣登記296號的合法民宿，為在地老字號小吃「香亭土魠魚羹」所經營的民宿，也是一家充滿「家的味道」的民宿，主人將家裡閒置房間翻修整理給來到澎湖遊玩的旅人住宿，沒有華麗的裝潢，有的是主人多到滿出來的熱情與親切，不求奢華，只求來「澎湖住宿‧香亭民宿」入住的旅客能夠輕鬆自在的放鬆。
日時行旅精緻民宿,外觀如同白色城堡般，在藍天白雲照耀下閃爍著無暇光芒，室外庭院綠草如茵，綠油油的草皮讓人放鬆身心，夜晚在此散步欣賞無垠星空更是令人心醉。行旅內大廳佈置以白灰色系搭配金色飾品佈置出略帶著輕法式的現代微奢風格，令人感受到不凡的生活品味。「澎湖日時行旅民宿」內提供著二至五人房型，房間佈置延續著優雅的氛圍，以不同的主牆色增添活潑氣息，空間寬敞明亮，高質感的家俱散發著溫柔嫻靜的氣質，使人感到舒服自在。部分房型內擁有陽台可以欣賞戶外景色，讓您在「澎湖日時行旅民宿」房內便能享受微風的吹撫，度過美好的假期時光。
那。故事水岸莊園民宿,"「那。故事」的名稱，來自於從水元素衍生出來的義大利文 Laguna，潟湖含意，以符合莊園設計中許多碧綠色水池的設計；同時參考拉丁文水池 Lacus 等等，以其發音融合 Laguna，為這座灣畔美麗莊園取名為「那。故事」。\n
「那。故事」民宿起源於一群有共同夢想的團隊，以水元素為發想，融合海底生態、澎湖當地特色，將建築外觀設計宛如海底片狀珊瑚浮上水面，坐落在美麗的嵵裡灣畔。公共空間，融合澎湖知名柱狀玄武岩設計、海中水母及當地滿天星空的發想，規劃出具有自然元素的玄武岩大廳、星空沙發區、水母燈餐廳區，一切以融入自然的元素為主軸。"
澎湖嶼光。角落民宿,名稱帶有一種神秘的氛圍，似乎暗示了這家民宿位於嶼光的一個隱蔽的角落。名稱中的「Somewhere」暗示著這個地方的位置不僅僅是一個普通的地點，而是一個值得尋找和探索的地方。「嶼光。角落」則進一步加強了這種隱秘性，可能讓人聯想到一個寧靜、遠離煩囂的避世之地。這家民宿致力於為旅客提供一個離開城市喧囂，進入自然寧靜的住宿選擇，讓您能在嶼光的角落中找到寧靜和平靜。
微浮山水民宿,這個名稱將您帶入了一個與山水相融的寧靜環境。名稱中的「微浮」似乎帶有隱約的意象，象徵著微風輕拂水面，創造出一種宁静的氛围。「山水包棟」則強調了這家民宿提供的獨立空間，讓您能夠享受自然景色的包圍。這家民宿致力於為您營造一個舒適、寧靜的住宿環境，讓您能在澎湖的美景中尋找到寧靜和平靜。
平湖窩行旅 PH Hostel,"前身為中信大飯店的的平湖窩行旅，如今以充滿國際化與清新風格的青年旅宿。在復古工業風嶄新裝潢中依然可見原有建築的歷史特色。旅宿鄰近中正路商圈，周邊有許多知名在地美食。\n
雖是平價的青年旅宿，但背包客房的床位仍有相當好的隱私性，遮光性高的窗簾、插座的設置、個人置物鎖櫃等貼心設施都具備。此外，旅宿會不定期舉辦各式活動，讓來自世界各地旅人們有機會彼此交流認識。"
澎湖北吉光背包客民宿,"曾獲背包客聖經Lonely Planet評選為澎湖地區最推薦的背包客棧、國際旅遊評論網站TripAdvisor澎湖評價排名第一的背包客棧。這棟藍白相間的希臘色調建築中，有著簡約工業風的裝潢設計，木質舒適感與金屬的現代感營造出令人感到愜意自在的環境。\n
民宿門口便是山水沙灘，而民宿也有租借沙灘用具的服務以及戶外沖沙區的使用。身為澎湖通的老闆，也相當樂意協助旅客規劃專屬的澎湖景點行程。"
好美背包客 Nice Hostel,稱彰顯了這家民宿的獨特魅力，融合了「好美」和「背包客」的概念。「好美」暗示著這裡擁有美麗的風景和舒適的環境，而「背包客」則表明這是一個歡迎背包客前來的友善住宿。這家民宿致力於為旅客提供一個美麗而輕鬆的住宿體驗，讓您能在澎湖的自然景色中享受寧靜與愉悅。
旅行者背包客棧,表達這家民宿的主要宗旨，為旅行者提供一個舒適、方便的住宿選擇。名稱中的「旅行者」強調了這個背包客棧的專注目標，即歡迎各地的旅客前來入住。這家背包客棧致力於為旅行者提供一個溫馨的家外之家，讓您能在澎湖的美景中找到舒適和放鬆。
澎湖玩聚背包民宿,結合了「澎湖」的美景和「Biker」的魅力。這個名稱似乎帶領著您進入一個結合了自然之美和熱愛騎行的旅程。這家民宿為騎行愛好者和喜愛探險的旅客提供了一個舒適的住宿選擇，讓您在澎湖的美景中盡情體驗自行車之樂。
積木屋背包客棧,"體驗鄉村生活三合院的寬敞環境，積木屋不僅提供一般雙人房型亦提供12人包棟專案（含5房6機車），衛浴設備皆為公共區，提供ktv設備以及觀賞星空區，適合多人一起同行住宿。\n
遠離市區範圍，提供給喜歡享受寧靜的朋友，距離海邊約走路5分鐘鄰近，山水沙灘、五德潮間帶等海上遊憩聖地，遠離都市享受寧靜時光。"
造夢先生背包客民宿,"背包客棧位於熱鬧的馬公市區，其房型為為上下鋪並且男女分層，部分床位附有窗簾，保有旅人的隱私。一樓有交誼廳，沐浴間提供洗髮精、沐浴乳及吹風機，一個晚上只需五百元就能有舒適的床位可以休息。\n
其房間以工業風為設計，且床的隔層高，睡起來舒服不會有壓迫感。民宿離港口、市區近，一走出民宿附近就有許多美食料理。"
捌貳趣民宿,融合了「澎湖」的美麗風景和「捌貳趣」的趣味意味。這個名稱彷彿邀請著您進入一段充滿趣味和難忘回憶的澎湖旅程。這家民宿提供了一個獨特的體驗，讓您在澎湖的美景中創造出屬於自己的特別回憶。
好天旅店民宿,"是一間以輕工業風格呈現的背包客旅店，致力於提供旅客最自在與貼心的旅宿環境，讓您的旅行更加輕鬆。\n
渴望探索不為人知的美景與來自各地的旅人並分享彼此的經驗，深刻且融入當地的生活脈絡中，也在旅程中感受自我的價值與生活。這是我們心中背包客應有樣貌。"
澎湖維多麗亞民宿 青旅 Victoria,象徵著經典與風華，預示著這個民宿將帶您進入一個充滿優雅和美麗的住宿體驗。旅宿位於澎湖的迷人地方，為您提供了一個與大自然融為一體的機會。如果您渴望在一個典雅而舒適的環境中度過愉快時光，將會是您的理想之選。
提拉米宿海景民宿,"位於馬公市西衛里，有著四通八達的交通以及鬧中取靜的愜意，是旅人來到澎湖旅行的最佳住宿選擇。
  一靠近「澎湖住宿‧提拉米宿海景民宿」便被那充滿特色的招牌所吸引，就像是來到了一個充滿甜味的世界，為美好的旅行揭開期待的序幕；民宿大廳窗明几淨，寬敞溫馨的空間以熱情的紅色妝點，呈現活潑的氣息；民宿內提供二至六人房型，房間內佈置各俱特色，不論是甜密的雙人房、溫暖清新的四人房或是舒服自在的六人房都令人驚艷，更有海景房型讓人可在房內欣賞波光粼粼的大海，撫慰紛亂的心，讓旅人可全然地在「澎湖住宿‧提拉米宿海景民宿」內放鬆，渡過難忘的假期時光。"
杰源民宿,鄰近杰源民宿的景點有青灣情人海灘、馬公摸乳巷、桶盤嶼、蒔裡沙灘、順承門、澎湖國內商港馬公碼頭區（馬公港）、澎湖天后宮、蛇頭山遊憩區、觀音亭休閒園區、萬軍井、南海遊客服務中心、澎湖馬公眷村保留村（篤行十村）、文化局海洋資源館、馬公老街、鎖港南北石塔、張雨生故事館、澎湖國家風景區管理處、西瀛虹橋、澎湖青灣仙人掌公園、澎湖觀光產業推廣中心、風櫃洞、山水沙灘、四眼井、海洋牧場、潘安邦紀念館（潘安邦舊居）、澎湖開拓館、虎井嶼。
背包客民宿,自由旅人說走就走，可以容下13位旅人的平價民宿。
古道背包客棧,背包客棧位於澎湖馬公的中央老街，房型從雙人景觀房、雙人混合房到四人混合房皆有，還有提供能上鎖的個人專屬置物櫃，保有旅客隱私，並提供洗衣機，一人一天只需不到七百元，適合情侶、背包客入住。民宿外觀古色古香，屋內風格簡潔乾淨。民宿地點鬧中取靜，往外步行約五分鐘就是商店街。離花火節施放點觀音亭步行約十分鐘。
海樂民宿背包客,住宿提供免費Wi-Fi和免費泊車。住宿位於澎湖縣澎湖的絕佳位置，讓你輕鬆探索熱門景點和餐飲選擇。
夢幻魚背包客民宿,合法澎湖民宿，鄰近夢幻魚背包客民宿的景點有桶盤嶼、西瀛虹橋、四眼井、觀音亭休閒園區、澎湖國家風景區管理處、澎湖天后宮、澎湖開拓館、澎湖觀光產業推廣中心、虎井嶼、澎湖馬公眷村保留村（篤行十村）、山水沙灘、青灣情人海灘、蒔裡沙灘、順承門、萬軍井、潘安邦紀念館（潘安邦舊居）、澎湖國內商港馬公碼頭區（馬公港）、澎湖青灣仙人掌公園、海洋牧場、張雨生故事館、蛇頭山遊憩區、風櫃洞、馬公老街、文化局海洋資源館、馬公摸乳巷、南海遊客服務中心、鎖港南北石塔。
宿息幾迷背包客棧,位於澎湖縣馬公市，為合法澎湖民宿。鄰近景點有潘安邦紀念館（潘安邦舊居）、澎湖開拓館、萬軍井、南海遊客服務中心、山水沙灘、四眼井、澎湖天后宮、文化局海洋資源館、澎湖青灣仙人掌公園、青灣情人海灘、澎湖觀光產業推廣中心、海洋牧場、馬公摸乳巷、鎖港南北石塔、風櫃洞、順承門、張雨生故事館、馬公老街、蒔裡沙灘、澎湖國家風景區管理處、西瀛虹橋、蛇頭山遊憩區、虎井嶼、澎湖馬公眷村保留村（篤行十村）、澎湖國內商港馬公碼頭區（馬公港）、桶盤嶼、觀音亭休閒園區、宿息幾迷民宿歡迎您的蒞臨。
風之島背包客,"距離國立澎湖科技大學 4 公里。距離澎湖生活博物館 4.1 公里。距離澎湖第一賓館 5.4 公里。
住宿提供WiFi和空調，可以使用陽光露台。每個房型都提供附淋浴設施、吹風機和拖鞋的共用衛浴。"
巴巴小窩背包客民宿,此店家無提供相關資訊
輕舞飛揚背包客居旅民宿,編號為0403的合法民宿，絕佳的地理位置不但成功隔絕的市區的喧囂吵雜，更保有購物、美食和旅遊的多重交通優勢。不論您預計要來場本島的環島之旅，亦或是想要前進七美、望安感受幽靜島嶼風情，或是想到吉貝來場愉悅刺激的水上活動遊程都很適宜。
小貝殼背包客棧,此店家無提供相關資訊
小地方背包客民宿 PLACE Backpackers,"從頂樓露台以及花園將美景盡收眼底，並好好利用免費無線上網等等設施服務。這家旅館還提供旅遊諮詢/購票服務和烤肉架。\n
小地方背包客民宿位於白沙，開車 5 分鐘即可抵達澎湖水族館和Daiso Island。 此旅館位置絕佳，從這裡開車 12.3 公里 (7.6 英哩) 可以抵達馬公港，開車 16.3 公里 (10.1 英哩) 則會到山水沙灘。"
Go home Backpackers,"如果你的旅行風格熱愛深入當地文化，喜歡當地人為你介紹最在地的玩法，那麼你一定不會想錯過Go home Backpackers。\n
位於澎湖縣湖西鄉的Go home Backpackers 原是民宿老闆「宋爸」的古厝，雅房格局，空間不大，在設計風格上未特別著墨；但卻給人溫馨如家的感覺。\n
滿滿人情味是入住過的旅客一致評價，熱情的宋爸會親自接送每位到訪的旅客，詳細介紹在地人的私房景點，若有時間甚至也會親自擔任導遊帶旅客們走訪景點。店址離景點及市區雖較遠，卻也格外幽靜；佛心價格的高CP值亦是該店大受歡迎的主因之一。"
澎湖七號旅店民宿,以其獨特的名稱帶來了對澎湖美麗景色的聯想。這個名稱中的「七號」可能象徵著澎湖的第七個奇蹟，將您帶入一個令人驚嘆的旅程。旅店位於澎湖的美麗島嶼之中，提供了一個離開城市喧囂，進入自然寧靜的完美機會。如果您渴望在一個優美的環境中度過寧靜時光，澎湖七號旅店民宿將是您的理想選擇。
有間寓背包旅宿,是一家獨特的背包客住宿選擇，名稱中的「有間寓」充滿了溫馨和親切的意味。這個名稱象徵著在這個旅宿中，每個旅客都像在自己的小屋中一樣，能夠找到一片屬於自己的安寧空間。旅宿位於一個令人驚嘆的地方，讓你能夠感受當地的文化和環境。如果你正在尋找一個舒適、友善且獨特的住宿體驗，有間寓背包旅宿將會是一個不錯的選擇。
Champion Homestay 冠軍民宿,此店家無提供相關資訊
起點旅行民宿 D.C. Inn はじまりのゲストハウス,"大片陽光灑上和諧莫蘭迪色調的牆面，搭配清爽簡單的木質家具，「悠閒恬淡」便是走進起點旅行的第一印象。位於馬公市區的民宿，緊鄰早餐街，不論是到南海遊客中心亦、早餐街，步行皆只需 5-10 分鐘的距離，離四眼井、觀音亭親水遊憩區亦不遠。\n
背包客房型每個床位都有體貼的門簾設計，提高每位入住旅客的隱私；館內提供單點式及亞洲式早餐，每天都會更換新菜色，有時也準備早餐街上熱門的早餐，讓旅客不必一大早排隊等待，就算入住多天也不怕餐點吃膩。店長為常住澎湖的日本人，若有需要日文溝通或趁機練習日文的旅客絕對也是逮就補。"
夜之屋 NightHouse,整間民宿充滿現代科技風格，膠囊房的床位以各種燈光搭配白色的建材來呈現，像是躺在太空艙裡一般，艙內附有可調節的燈光、小電視以及一面鏡子，加上以電磁鎖扣上的艙門，個人隱私極佳。四人房是以漫威風格呈現，還有小型盪鞦韆及溜滑梯，喜歡漫威的小朋友一定會樂不思蜀。
阿豹會館民宿,阿豹會館距離隘門沙灘 2 公里，有共用休息室和露台，為了旅客的方便還提供共用廚房。阿豹會館提供租車服務。這間住宿距離林投公園 2.7 公里。距離澎湖生活博物館 5.6 公里。
青·輕旅,是間單樓層獨棟的小民宿，一樓的空間有個大客廳，設有一間4人房、一間上下舖的4人宿舍、還有一間雙人房。門前有舒適的庭院及草皮，後方設有停車空間，旁邊還有一間可讓住客使用的洗衣房，一群朋友來包棟入住也很合適。
就這兒 民宿 Here B&B,位在馬公市，靠近四眼井、彭湖中央老街和澎湖天后宮。 住客可以使用共用休息室，每個房型都設有私人衛浴和淋浴設施、空調、平面電視以及提供WiFi。這間住宿附近的人氣景點包括澎湖第一賓館、西瀛虹橋和澎湖生活博物館。
蒙德里安山水民宿,這間民宿的老闆娘是長榮航空的空服員，超過25年的服務經驗，能夠提供給大家更優質的服務。老闆是土生土長的澎湖人，對這片土地的熱愛，常常用攝影記錄最美的時刻。因2013年澎湖攝影團認識彼此，2018年的緣份讓原本兩條平行線有了交集，我們都是單翼的天使，唯有彼此擁抱才能展翅飛翔，兩人有共同的興趣，還有對澎湖這個島嶼的特殊情感，決定在此蓋一間我們的Dream House，從外觀設計，物品窗簾選擇採購等都是用最高規格，要把最佳的品質提供給大家，理念是希望這間民宿可以成為客人澎湖的家，有空或沒事可以常回家的概念。
澎湖船家寶民宿 ,SABAI在泰文裡是輕鬆舒服、放鬆自在的意思、因為老闆很喜歡這個詞的解釋跟感覺也希望大家也帶著放鬆的心情度過在澎湖的每一天，因此將它變成民宿名稱。
起司餅乾民宿,民宿位於澎湖唯一的農業改良場旁，得天獨厚的地理位置，社區夜晚安靜，大自然生態豐富，附近林蔭圍繞，讓居住在都市的您能感受到大自然的美好。老闆都是土生土長的在地澎湖人，居住在此至今已經三十年了，有著澎湖人天生的熱情，來到澎湖後，憑藉著在地經驗，必定能介紹更多的在地景點美食。
有間客棧,"位於西嶼鄉外垵村漁翁島，周邊臨近三仙塔、外垵草原、西嶼西臺等知名景點，是您觀星賞月的最佳住宿選擇，而民宿與馬公市區和花火節主場也短短車程可到，讓您暢遊澎湖毫無負擔。
溫馨的環境就像家一般，讓每個旅人都感到放鬆自在，而房間裡提供著齊全完善的備品，讓您無後顧之憂地盡情徜徉於此，享受無拘時光。"
西瀛旅社,"中央旅社位於馬公市，提供附空調和WiFi的住宿，設有附淋浴設施的私人衛浴，並提供平面電視、吹風機和拖鞋。為了讓您更加方便，住宿可提供額外收費的毛巾和寢具。\n
附近的人氣景點包括彭湖中央老街、澎湖天后宮和澎湖第一賓館。最近的機場是澎湖機場，距離中央旅社 8 公里。"
澎湖諾亞方舟民宿,"人生最美的下半場，用來圓最美的夢，我們造了屬靈的方舟與你(妳)迎接彩虹的約定。\n
諾亞方舟，一個祝福與拯救的記號。在聖經中，上帝要諾亞建造方舟，使他們全家免於受災與毀滅，方舟對諾亞全家來說，就是上帝對他們的拯救和祝福。\n
在澎湖中，諾亞方舟民宿就是上帝對建宏全家祝福的記號。諾亞方舟民宿從無到有，從每間房的設計、每個小細節、每個數字等都可以看見上帝恩典的記號。\n
諾亞方舟民宿是上帝祝福的記號，讓每位來住宿的客人，都能享受到從天而來的祝福。"
澎湖民宿-隘門168民宿,"外觀簡潔俐落、充滿現代感的獨棟民宿，內在卻蘊含著澎湖奔放的熱情，民宿主人親切的服務態度讓人感受濃濃地人情味。鄰近澎湖機場、隘門沙灘，交通方便又鄰近水上活動勝地，同時價格也相當親民。\n
民宿外便是自家經營的租車行，若想租機車來趟自由行相當方便。房型則有背包客床位房、海景四人房、豪華雙人房，無論是獨自旅行或三五好友同遊都十分歡迎。"
易宿家特色民宿,"位於馬公市澎南區201縣道上，從民宿出發到機場、風櫃洞、隘門沙灘約10分鐘路程。造訪馬公市區約12分鐘。至山水沙灘、鎖港碼頭約5分鐘。至北寮、南寮約15分鐘路程。\n
除了有便捷的交通之外，這裡更提供旅人舒適、雅致的休息環境。潔白的建築外觀搭配亮眼的橘色系，更顯青春樂活；步入屋內，明亮的大廳空間提供遠道而來的旅人們一處暫且歇歇腳的舒適空間。客房空間則以各種澎湖的特色生態為房間命名，並搭配造型壁貼，不但童趣可愛更充滿在地特色；寬敞的套房格局，環境潔淨且別具特色，從客房內陽台往外望去，就能清楚眺望大海和綠意，是旅人享受假期的最佳空間。除此之外，民宿也提供有專業解說導覽服務，連結社區資源和澎湖在地景點，帶領遊客體驗社區休閒農漁牧業特色活動，讓旅客們能夠深入了解澎湖的在地人文產業特色，並能夠透做中學習到環境永續共存的教育概念。"
有間黑店驛站民宿,提供WiFi（免費），享有海景，距離國立澎湖科技大學 1.6 公里。距離澎湖生活博物館 2.7 公里。Black BnB 距離澎湖第一賓館 3.1 公里。距離四眼井 3.4 公里。
來客佳民宿,位在澎湖縣湖西鄉，遠離市區喧囂卻擁有便捷的交通，至市區10分鐘，機場8分鐘，位於澎21號(進入大城北村)道路上，不論是清晨想去菓葉看日出或是夜晚到菜園3D彩繪情人灣觀星賞月都十分便利，而與天人湖、雙湖園、隘門沙灘、牛轉乾坤地標等景點也輕鬆可到，距離花火節主場-觀音亭海濱公園更是短短車程距離，四通八達的地理位置讓您安排旅程毫無後顧之憂。
917民宿,超便宜平價民宿，擁有便利交通、一覽無遺的美麗海景及鬧中取靜的休閒環境，依照旅人不同的需求，分別提供套房、包棟不同的住宿服務，更依照不同的空間設計和造型佈景打造出不同的風格主題，營造出同等的溫馨潔淨、雅緻清新。
見見灣海景民宿,"位於西嶼的見見灣，坐落於五孔頂山腳下的見見灣，可以一起登上山頂分享澎湖的夜景及滿天的星星，緊鄰赤馬漁港的澎湖民宿見見灣，想邀請您一起分享漁港夜釣與拜訪潮間帶的樂趣。\n
隔著澎湖灣位於觀音亭對岸的澎湖民宿見見灣，房間內大落地窗、陽台的設計與民宿頂樓空中花園的規劃，欲邀請您透過不同的角度觀賞美麗的澎湖花火。"
漁人的家,"小島人文日常生活演變而成的漁村聚落文化，呈現著各種風貌型態的漁港風情，島上的村民們知天命卻不認季節交替的困境，依舊堅毅的克服著各種的自然環境境遇。年復一年最終活出了自己的特有生活方式，有如島上豔夏綻放赤紅的天人菊般的耀眼。\n
因從小生長在漁村的環境裡，浸染著小島上所擁有的天然資源與在地人文的薰陶，對這塊土地也懷抱著滿滿的情感，也因爸爸是一位漁夫所以了解漁民為生活與天搏鬥及樂天知命的精神深深感染老闆，希望藉著大家蒞臨住宿，讓我們能把家鄉的故事與人文之美廣傳下去。"
澎湖香亭民宿,是澎湖縣登記296號的合法民宿，為在地老字號小吃「香亭土魠魚羹」所經營的民宿，也是一家充滿「家的味道」的民宿，主人將家裡閒置房間翻修整理給來到澎湖遊玩的旅人住宿，沒有華麗的裝潢，有的是主人多到滿出來的熱情與親切，不求奢華，只求來「澎湖住宿‧香亭民宿」入住的旅客能夠輕鬆自在的放鬆。
澎湖臨海居度假會館,"距離馬公港 200 公尺。距離澎湖中央老街步行 6 分鐘。距離西瀛虹橋步行 15 分鐘。\n
客房均設有免費 WiFi、空調、平面電視和私人衛浴，衛浴內附步入式淋浴間、免費盥洗用品、毛巾、室內拖鞋和吹風機。"
一二三石頭人民宿,"位於澎湖縣馬公市，無論於春夏秋冬任何季節，來此渡假遊走，都可感受四季中不同的海島風光，登上樓頂您可眺望馬公港灣、及遼闊屬於澎湖的純淨景色。\n
在民宿裡，有著家族流傳下的文石製作，在澎湖島上頗有知名，他們稱之為《天使之眼－澎湖文石》，當您蒞臨入住，即可欣賞這極為美麗、神奇的上帝傑作。\n
擁有充滿現代風格的居家格局，並利用多樣帶有藝術氣息的家居擺設，與點綴著空間環境的綠色花藝盆栽，讓空間有著生命力般清新有活力。\n
提供有數間2人～4人的獨立室內房型，在淡雅的溫馨格局中，感受沒有亮麗奢華的極簡家居生活，並呈現最純樸的旅居空間，也讓您輕鬆安排悠遊的澎湖行程，夜間入住在此，帶給您寧靜、舒適的旅人渡假空間。"
大池星月灣民宿,為西嶼地區。提供相當優質住宿環境和特色餐飲服務的民宿。座落於行走西嶼地區人車必經的203縣道上，十分容易讓人注意到這麼間民宿。民宿由許大哥一家人共同經營。許大哥期待，來到星月灣作客的朋友，除了能以最輕鬆而沒有趕行程壓力的方式住在這裡外，同時能夠體會到像家一般的溫暖。
澎湖熱帶魚民宿,獨棟別墅型佇立於藍天白雲之下，散發著悠然的氣息吸引著旅人目光。推開大門映入眼簾的是略帶著鄉村氣息的清新裝潢，木質建材讓人感到溫暖與幸福，而民宿也貼心地設置了電梯，讓旅人能輕鬆入住。民宿內提供二至四人套房，房間內延續著簡約的氣質，省去繁複的裝飾，為旅人帶來沉靜的慵懶，房間內也規劃有景觀窗戶，若隱若現地將澎湖街景展現在您眼前，讓人更加期待隔日旅程。除此之外，民宿內有背包客房可選擇，單人房內亦搭配著完善的住宿配備，不須與人共用房間讓您擁有更多的隱私與空間能應用，是背包客的最佳住宿選擇。
加利利海民宿,"民宿的理念大概就是因為老闆是基督徒，加上想要塑造一個外國度假的感覺，於是不論民宿名字及風格都有讓人置身於外國的感覺。\n
加利利海位於以色列，雖然取名為海，但加利利海其實是一座內陸淡水湖，它是埃及和敘利亞以及伊拉克之間傳統的通道，而加利利海民宿位於澎湖，正巧也是大陸以及台灣之間的離島，傳聞耶穌的大部份生平事跡發生在加利利海邊。"
留星嶼民宿,"一進門就是透空的大客廳(左前紅瓦蓋的全部)二樓有一小客廳。座落於白沙鄉瓦硐村，隔著跨海大橋與西嶼鄉遙遙相望，沿著縣道203往南便可連接至馬公市區，享有中繼點的絕佳位置，方便旅人造訪澎湖北環及馬公各大景點。\n
有別於馬公的熱鬧街景、商家林立，這裡更多了一份鄉野的樸實與靜謐。民宿主人懷念小時候窩在瓦硐阿公家度過寒暑假的歡樂童年。於夏夜之際，伴著黝黑的月夜睡在開闊的屋頂上，吹著涼風，望著唾手可得的滿天星斗，因而成就了『留星嶼』的啟程。"
在水一方 Memory In Water B&B,"距離國立澎湖科技大學 900 公尺。距離在水一方旅館 5 公里。\n
在水一方旅館為2021年4月份剛建成的全新的民宿，館內提供免費WiFi 及公共休息區。 館內除提供雙人房外，也提供家庭房。每間客房內均設有空調、平面電視及獨立衛浴，私人衛浴內配有淋浴設施(或浴缸)及淋浴備品。除此之外，館內也提供青年背包客房，客房內配有共用衛浴，提供淋浴設施及淋浴備品。 為了客人旅途的便利，也備有拖鞋。此外，也有免費行李寄存服務。"
歸宿 民宿 Destination Inn,"龜。是小琉球的生態資產。宿。是旅行中的停留。\n
歸。是造訪小琉球旅人的一種心境。宿。是造訪小琉球旅人的家。\n
歸宿，是海墘的延伸。希望每個來小琉球的旅人，會有個，歸宿。"
海風情民宿,海風情民宿，位於馬公市的西衛社區。在民宿的後方著小小的港口，可以看到海藍藍的海洋。在港口邊，佇立著像衛兵一般的鎮風石塔，看著潮來潮往，經歷了無數的歲月。老闆希望客人來到這裡，可以如風般帶走屬於自己的美麗情感。
姆居民宿,"""澎湖蟹老闆-船長的兒子，為了不希望孩子成長過程中不在身邊，因此放棄海外博士攻讀的機會，決定返回家鄉創業，秉持著一股熱情與對家鄉的熱愛，改造了兒時住的老家。既然如此，老房子有了新生命，多加個老總是缺乏活力，因此將其取名為「姆居」：\n
「姆」指的是撫育、餵養之意涵。\n
「居」指的是住所。\n
一個曾經住過蟹老闆一家人的老房子，好似孕育了寶貴的生命一般。而如今是接待來海島旅行的居所，也希望成為旅人們的在地保姆，故命名為姆居。此外，也透過旅人們帶來的不同故事，為老房子注入一股新生命然後繼續以新的面貌延續下去，有一種源源不絕的生命力感。\n
「姆居」，是船長一家人的故事，用蟹老闆自己設計的溫馨空間，雖然沒有絕佳的海景，卻有滿滿的熱情，是好客的也是不造作的。歡迎大家一起來澎湖體驗在地的美景、品嘗在地的海鮮，感受姆居的在地好客之道。"""
海灣灣,民宿位於澎湖聞名麵線村「西衛社區」鄰近漁港及澎湖科技大學，距離馬公機場車程約15-20分鐘，馬公港碼頭10-15分鐘，騎車5分鐘可抵達馬公市區、花火節施放地點「觀音亭」也只要騎車約5分鐘，交通機能十分便利，走路約3分鐘，巷口就有7-11及雜貨店，讓你半夜不用餓著肚子睡！是一處感受漁村、寧靜的旅遊休憩最佳去處，五位好友五棟民宿的西衛海民宿村，有共同的庭院、公共設施，您可以隨時放鬆心情，於此即可享受大自然的美妙。
古道背包客棧,"位於澎湖馬公的中央老街，房型從雙人景觀房、雙人混合房到四人混合房皆有，還有提供能上鎖的個人專屬置物櫃，保有旅客隱私，並提供洗衣機，一人一天只需不到七百元，適合情侶、背包客入住。\n
民宿外觀古色古香，屋內風格簡潔乾淨。民宿地點鬧中取靜，往外步行約五分鐘就是商店街。離花火節施放點觀音亭步行約十分鐘。"
大山營區旅宿,"位於馬公市，距離Shili Beac不到250公尺。距離青灣仙人掌公園不到 1 公里。距離風櫃洞 2.6 公里。\n
有共用休息室以及全館WiFi，開車前來的住客可使用免費私人停車位。這間住宿設有旅遊諮詢台服務，也有陽光露台，住客可以在小吃吧享用飲品。"
好朋友民宿,老闆認為來這裡的每一位旅客都是永遠的好朋友。因此民宿才取名為好朋友民宿。
百慶旅店,百慶旅店位於馬公市中心，離最熱鬧的中正路僅五分鐘的路程，緊臨知名的觀光地標「菊島之星」，是澎湖旅遊觀光時的必到之處，旅店周邊商店林立，無論是休閒購物或是用餐都十分便利。
海洋派對民宿,"距離澎湖生活博物館 600 公尺。距離國立澎湖科技大學 1.3 公里。距離澎湖第一賓館 2.2 公里。\n
提供WiFi、兒童遊樂場、花園和免費私人停車位。"
好時光民宿Good Time,此店家無提供相關資訊
慢活角落民宿,"位在澎湖縣馬公市，周邊鄰近觀音亭海濱公園、澎湖天后宮及東衛石雕公園等知名景點，距離馬公航空站也僅需15分鐘左右車程，四通八達的交通和寧靜單純的生活環境是您來到澎湖旅行最佳的落腳處。\n
民宿外觀新穎時尚，一進入大廳就被那不凡的品味給懾服，微復古工業風格融合新穎的現代化設計，少了粗獷跟奔放，更多了精緻、時尚的高雅品味，隨處可見新時代的藝文氣息。不僅僅只是提供旅人一處安居休憩的旅居空間，更要帶給您不同凡響的度假閒情。"
野居渡假民宿,經過大約3年的籌備和施工，野居從2015年4月開始營業。取名野居，是希望入住的客人，能在這裡享受到最簡單的生活，因此英文名字便是「Simple Life」。值得一提的是，在野居的logo上，採用了「野」的康熙古字，認為此字很特別，比較容易在客人的心中留下『記憶點』。 
我們的民宿,"「澎湖民宿‧我們的民宿」現代感的外觀建築，俐落簡明的建築手法搭配灰白黃的簡潔原始色彩為基底，與戶外的綠意草皮和藍天白雲相互襯托，更顯巍峨壯觀。\n
屋內的裝潢以流線型的線條搭配鮮明的繽紛色彩，展現空間的活潑調性。新穎的臥房空間以清甜的馬卡龍色系，搭配甜美的高雅裝潢和明亮的光線照明，讓每個房型都呈現不同的浪漫恬靜氛圍。"
木艮私宅•Mugen Homestay,雖然地點不在正市區但距離也不遠。建築就在石泉港周邊，民宿內處處都可以看到佈置的巧思，而且有電梯大行李也不擔心。民宿頂樓也有亮點，可以悠哉地看看海景。早餐是自家製海鮮麵線超用心，連續入住早餐還能直接吃到排隊名店。
艾的驛站民宿,"是一間平價又別具質感的親子民宿，距離碼頭不遠，離馬公機場相當近，只要住宿就免費提供機場接駁服務，這裡的路段也相當好認又好停車，距離市區也相當近，不管是採買東西或是半夜肚子餓想要買宵夜都十分方便，可以放鬆享受旅行，欣賞澎湖迷人的海島風光。\n
由於民宿老闆以前曾經當過導遊又是澎湖當地人，很樂意為大家提供實用的澎湖旅遊諮詢、行程建議，，尋找澎湖住宿別錯過囉。"
23.5蔚藍民宿,"富含希臘風格的白色建築樹立眼前，琳瑯滿目的畫作及家飾品充滿在旅店的每一隅，如同走入美術館一般陶冶藝術性情。\n
各種獨具特色的房型，有色彩繽紛的小木屋，及浪漫的玻璃屋，共同的是窗外大片的海洋。房內富有巧思的浴室設計，此外還提供專車接送、自助式早餐。更重要的事，可以欣賞房屋後面的那片靜謐的沙灘。"
唯你渡假民宿,"澎湖民宿「only you 唯你民宿」是一個護理師夢想中的家，從台北大醫院返鄉建構自己夢想中的家。夜晚打上燈的「only you 唯你民宿」透出溫馨浪漫的氛圍，入住過的旅人們，對於民宿的環境優雅、乾淨整潔都相當讚賞。\n
「only you 唯你民宿」願為您砌上一壺茶，以熱情的心來歡迎唯一而獨特的您前來。"
天邊海角民宿,"天邊海角民宿位於馬公市中心民族路上，鄰近各大古蹟景點及市區商圈，交通十分便利，沿著民宿後方有濱海長堤，而這裡正是每年舉辦花火節的地點。\n
民宿內外皆是親手打造，住宿空間別緻而舒適，面海的房型更擁有絕佳海景，不用出門就能體驗澎湖的美。"
流浪鯨魚民宿,"距離澎湖生活博物館約 7 公里，距離南海遊客中心約 8 公里，距離中央老街約 10 公里。\n民宿距離湖西鄉、馬公市中心和澎湖機場均約 15～20 分鐘車程。\n
1樓設有公共休息區和免費 WiFi，民宿所有客房均設有平面電視以及每日供應早餐。"
PENGHU LUCAI B&B 旅采民宿,"民宿特色是面於森林及背海位置,於是在整體建築外觀造型,以簡易鄉村風格結合現代建築設計,希望能呈現給旅人回到家後舒適又溫馨的感覺,所以民宿庭院內外規劃及大廳房間都以現有空間,簡易規劃出溫馨簡易鄉村風格,管家為了打造獨一無二森林與花園結合,在庭院周圍內種植了九重葛與熱帶性植物, 每日晨間一早可感受鳥鳴花香的氣息,傍晚日落有蟲鳴蛙叫交響樂,這就是旅采民宿。"
旅朋友民宿Travelfriends,"住宿設施一應俱全，可讓您的住宿體驗變得回味無窮。一切生活必需品，例如公共區域WiFi, 機場接送, 租車, 公用交誼廳/視聽室, 公用廚房等都已為您準備就緒。絕佳的舒適客房，部分客房設有清潔用品, 更衣室, 浴巾, 原木地板, 開放式衣櫥。住客可享受住宿內的休閒設施，包括花園等。"
琉浪潛水背包客棧Drift Diving Hostel,"一開始懷抱著邊教學潛水、邊旅遊賺錢的夢想，在東南亞各大潛點繞了一圈，卻總感覺哪裡都不是家，到哪裡都是流浪。於是回到充滿溫暖人情的台灣，在不受東北季風影響，一年四季都適合旅遊及潛水的小琉球待了下來。在2018年，「琉浪潛水」就這樣誕生了，我們將國外潛店的經營理念帶進台灣，讓四面環海的台灣也能透過潛水認識海洋文化。\n
我們在2020年春季打造了「琉浪潛水背包客棧」，從客棧房間就能眺望厚石群礁的美麗海景，希望客人可以在這裡感受像家一樣的溫暖，「琉浪」，不流浪。"
奧之海潛水旅宿 Odyssey Divers Hostel,"ODYSSEY，奧德賽，古希臘最重要的兩部史詩之一，盲眼詩人荷馬所作。
亦有其另一含義，漫長探索的過程，一段史詩般的征程。每一次的學習，每一次的出發，都是一段旅程。\n
人生是旅程，潛水的過程也是如此。所以才有了奧之海- Odyssey Divers"
co_diving 自由潛水工作室,位在小琉球，距離秘密海灘（Secret Beach）1.3 公里，距離蛤板灣沙灘 2.3 公里。距離美人海灘 2.6 公里。
酷落潛水 Kuroshio Diving,帶著大量養分、滋養台灣的黑潮Kuroshio， 潛水最重要的養成時期便是在這片浩瀚大海中學習著，並以Kuroshio的頭兩音節設為公司名稱，以不忘本。
小琉球-小綠龜潛水,是由一群酷愛潛水的在地漁夫所成立，因長年在水下作業，所以對小琉球海域的地形地貌、海流浪況以及生物種類相當熟識，近幾年來，綠蠵龜在小琉球受到保護，數量逐年增多，長久以來綠蠵龜就像是多年的老友，總在夜深人靜的水下陪伴工作，於是大夥在結束打魚人生，開創潛水觀光之際，以小綠龜為名，以保護綠蠵龜為己任
EXTD diving center 延伸潛水,是台灣附近14屬島中唯一的珊瑚礁島嶼也是一年四季最適合水上娛樂的海龜島，對許多外國潛水員來說，小琉球已是台灣自由潛水的代名詞，而EXTD延伸潛水就位於小琉球這座幸福海龜島上，所有的課程項目皆在小琉球，可以讓學員們在課程當中有良好的天氣及海況，幸運的話還能在海訓當中遇上海龜，並提供住宿使用。
白牌自由潛水中心,是位於小琉球的一家自由潛水教學中心，希望能把自由潛水這項運動讓更多人知道，並且傳遞正確的自由潛水知識。白牌在自由潛水競賽中代表一次完美的潛水，無任何扣分、違規事宜。會命名為白牌，是希望大家的每一次潛水都是完美並且安全的。
Dive Buddy 自由潛水工作室&背包客棧,自由潛水課程/動作矯正訓練/自潛裝備租借/水下拍攝錄影/海洋友善推廣/背包客房預訂
蹼客基地,是一家相當年輕感的潛水店，提供了初階的潛水體驗活動，亦有潛水考照的活動，特別注意的是他們提供的是PADI 的課程，還有提供背包房可以住宿。
阿貴潛水中心,距離白沙尾碼頭不到5分鐘車程的，除了為當地首間潛水專門店之外，全方位的潛水項目不只讓無證照的潛水新手能與海龜安心優游，於各式PADI考照課程還能搖身成為水中蛟龍盡情探索海底世界，滿足對於海底深度旅行的一切嚮往。還有提供背包房可以住宿。
O2潛水俱樂部,"提供自由潛水課程/Padi水肺潛水課程/背包房住宿/導潛/訓練潛/體驗。\n
附近有網美老木，可步行前往，環境相對清幽，很適合愛看海或是熱愛自然風光的朋友來這裡拍照留念哦。"
琉潛貨櫃潛水旅宿 Liuqiu Dive,琉潛是由貨櫃屋組成的背包客棧，同時也是小琉球知名潛店，可以在琉潛貨櫃背包客棧體驗潛水之外，也可以在這裡報名考取潛水證照。隔壁就是配合的租車行，所以租還車相當方便。
大眾浮潛,小琉球大眾浮潛距離白沙碼頭騎車約2分鐘，步行5分鐘。店內提供全套裝相當方便。浴室也有準備沐浴乳、洗髮精、毛巾、吹風機等東西。經營理念為顧客安全第一，保持好品質，讓每位客人都會想一來再來。還有提供背包房可以住宿，適合要來潛水活動的人。
阿Ya潛棧 A Ya Diving Hostel,"老闆自稱叫阿YA(馬克)，是位合格的PADI潛水教練, 曾經在澳洲擔任潛水教練及導潛，之後來到小琉球經營阿YA潛棧，資歷超過五年。無論你是完全沒有潛水經驗，想要體驗潛水或是有證照的潛水員需要導潛，都可以帶給你一趟美好的潛水旅行，另外也提供簡單的住宿環境，乾淨和合理價格，雖然並不豪華但是溫暖和寧靜的氛圍，一定會是你一個很好的選擇。 "
老婆潛水工作室,"一個想把老婆推下海的故事\n
提供水肺教學/體驗潛水/潛水攝影/潛水旅遊/水肺複習/Fun dive。還有提供背包房可以住宿，適合要來潛水活動的人。"
秘密客潛水旅宿,"離 Meiren Beach 不到 1 公里。距離 Zhongao Beach 1.3 公里。距離 Habanwan Beach 1.8 公里。\n
住宿地方提供免費WiFi和空調。最近的機場是高雄國際機場，距離這間住宿 26 公里。"
流星打氣站,位於小琉球的中心，不管去哪個景點都不會太遠，在這裡你可以體驗潛水，同時也提供潛水證照的考取，流星也擁有自己的船隻，可以讓旅客體驗船潛。。還有提供背包房可以住宿，適合要來潛水活動的人。
熊潛水培訓中心,熊潛水位在小琉球的杉福漁港，也就是在美人沙灘的附近，提供潛水體驗、潛水考照、浮潛，還有經營民宿，適合要來潛水活動且初學者的人來。
夏琉民宿 The Summerflow Hostel,"夏琉本館成立於2012年秋天，剛投入民宿業資金不多時，當時租的只是一間平凡的房子，許多裝潢都自己動手做。\n
經營三年後，決定另蓋一間民宿，也就是現在的新館。從房間設計、木製傢俱、客廳桌椅、吧台、木門等等，皆採用二手廢棄木材，手作給予新生命力，達到重複使用的理念。\n
在夏琉民宿，我們重視環保，鼓勵客人自備餐具、水壺，重複使用塑膠袋及紙袋，客人得自行準備盥洗用具與大毛巾。生態保育對老闆來說，更是民宿重要的一環，從潮間帶導覽到觀星，我們選擇對環境負擔最小的活動，分享保育生態的觀念。\n
民宿位在小琉球南邊，30秒的腳程，就能與海龜共遊，跳水玩耍、探索潮間帶海洋生物。抬頭仰望星空，吹著海風，一切都變得平靜簡單。"
杉橘青旅 • Hinoki-G Hostel,取自杉木的杉，橘貓的橘。附近的港口可以直接看到海龜，距離秘密海灘（Secret Beach） 1.1 公里。距離蛤板灣沙灘 2 公里。
嶼浪民宿,設有共用休息室、露台、休息區和免費WiFi，還有提供租車服務。距離秘密海灘（Secret Beach） 200 公尺。距離蛤板灣沙灘 2.9 公里。
小琉球樂嶼日出民宿,"離秘密海灘（Secret Beach）200 公尺。距離蛤板灣沙灘 2.9 公里。\n
該地區的熱門活動為釣魚。這間住宿提供租車服務以及每天供應早餐，還有館內工作人員可以安排接駁服務。"
海明崴民宿,"座山面海，緊臨神祕沙灘，在這裡有豐富的海洋生態資源、珊瑚礁裙，熱帶魚以及海龜。不僅如此還配合多元的水上活動SUP, 潛水，獨木舟等。也提供背包房可以住宿。"
浪。境小琉球秘境民宿,"小琉球包棟民宿，較適合一大群人出遊玩的選擇。\n
附近擁有厚石海岸、厚石魚澳、蟾蜍岩、賞星小沙灘以及青蛙石。 "
彩色屋民宿,民宿外觀五顏六色的七彩繪圖，讓人想立刻入住。彩色的小琉球。彩色的屋，所以取名為彩色屋民宿
小琉球歐若拉海景民宿,民宿採北歐風格設計，位於小琉球最西邊在落日亭旁，民宿內是觀看夕陽的良好位置，鄰近住宅很少，夜晚更是觀看星空的好地方，民宿前一望無際的大海，讓人身、心、靈都能放鬆。海景、夕陽、星空、獨間小木屋。尤其園區的躺椅、在黃昏日落時、在星辰滿空時、在旭日初昇時、會讓人悠閒的虛無。
歡迎你民宿 WELCOME,距離蛤板灣沙灘 1.5 公里，距離秘密海灘（Secret Beach） 1.7 公里。
琉星小屋,"在遠離塵囂的小村裡，找到一片純淨的天空與海洋，發現了琉璃般晶瑩透亮的海水， 藍天中白衣蒼狗的變幻，星空夜色的神秘浪漫，這裡曾是我們夫妻攜手散步的小天地，炫麗 變幻的夕陽陪我們渡過了寒暑，寂靜的星空下我們撫慰彼此的疲累與傷痛，隨著時間的流逝 這裡見證了我們的愛情、婚姻與家庭，當洋溢的幸福灑落在牽手共行的日子，我們決定將這個戀人專屬的小天地開放，讓更多的有情人在這裡寫下屬於自己的詩篇。\n
因為想打造一個浪漫的愛情殿堂，我們沒有規劃團體房，僅有雙人與四人房，也被朋友們笑說沒有成本概念，但就是想讓入住的旅客有一個寧靜的渡假空間，盛夏的午后在大廳 的沙發上悠閒的欣賞藍天與海的對話，夕陽西下時在前庭的陽傘下彼此依偎看瞬息萬變的彩 霞，泌涼的夜色裡在躺椅上尋找北斗七星或是遠眺遠方高雄的燈火點點。"
琉宿海景莊園,"留宿的動機\n
世界這麼大，我想去看看小琉球\n

留宿的理由\n
是這海天一色的小島讓人想多留一天\n
琉宿來自於留宿\n
小琉球的美適合慢活旅遊，不單單只是走訪行程，我們用接待親友的心，提供多種房型與設備，以清新典雅的設計風格，讓您在旅程中有個自在放鬆的空間。\n"
三姐民宿,距離蛤板灣沙灘 1.6 公里。距離秘密海灘（Secret Beach） 1.8 公里。
小琉球樂嶼海景民宿,"因為小琉球是個在藍色海洋圍繞，快樂緩慢的島嶼，因此民宿名稱取名為小琉球樂嶼海景民宿。\n
距離中澳海灘（Zhongao Beach） 600 公尺。距離美人海灘 2.9 公里。"
海洋風情渡假旅館,小琉球觀光住宿、套裝行程、潮間帶生態之旅。浪漫海洋風情貝殼景觀住宿，色彩繽紛絕美夢幻，套裝行程推出中，帶你探訪特色潮間帶，給您自在樂活幸福生活。戀戀清澈海水、漫步白色沙灘，徜徉假期從小琉球出發。帶你體驗獨特潮間帶生態、無光害滿天星斗、火金姑，特色港邊海洋風情民宿，別出心裁為您營造不同的生活氛圍，讓您旅遊小琉球留下獨特記憶軌跡。 精心使用各種不同大小種類的貝殼裝飾每一個角落，色彩繽紛絕美夢幻，彷彿置身小美人魚的海底龍宮，獨具巧思親手打造大法螺、千手螺、唐冠螺、金口蠑螺、貓眼蠑螺、地圖寶螺、龜甲寶螺、水字螺、海兔螺等以貝殼為主題的景觀套房，為您的假期更增添趣味回憶。獨特海洋假期，可以知性、可以寫意、可以悠閒、可以狂歡，來到海洋風情民宿，你將會看到風與海的對話，發現生活不一樣的美。
流浪背包客棧 Liuqiu Backpackers,"小琉球是台灣西南方的珊瑚礁島嶼，海水溫度終年維持於25度以上，孕育上千種珊瑚與海洋生物，是海洋控一年四季都可親吻大海的天堂。\n
流浪背包客棧位於鄰近杉福漁港的小坡路間，提供熱愛大海的旅人岸上裝備清洗區、潛水裝備架、戶外淋浴間與舒適旅宿。各位海子啊。流浪到小琉球吧。"
小琉球雀巢背包客棧,此店家無提供相關資訊
Sleep&go小琉球背包房,距離美人海灘 1.3 公里。距離中澳海灘（Zhongao Beach） 2 公里。距離蛤板灣沙灘 2.2 公里。
 漫慢旅宿,"漫遊 慢食\n
好好生活 悄悄放鬆\n
細細品味 漫慢大海\n
以此理念將民宿取名為漫慢旅宿\n

距離秘密海灘（Secret Beach） 1.3 公里。距離蛤板灣沙灘 2.3 公里。距離美人海灘 2.6 公里。"
暖琉背包客棧,距離秘密海灘（Secret Beach） 1.7 公里。Nuan Hostel 距離蛤板灣沙灘 2.4 公里。距離美人海灘 2.6 公里。
居琉潛水背包客棧一館,"民宿老闆25歲時在馬爾地夫教潛水。\n
潛水教練，表面上看似光鮮亮麗、充滿自由的夢想職業，其是在用自己的「青春」在海下奮鬥。\n
合約結束後，還要繼續去其他海島國家教潛水嗎？如果有一天再也無法繼續教潛水，怎麼辦？\n
每天獨自坐在海邊反覆問自己這些問題，必須得找到另外一個自己熱愛的工作。\n
回國後，老闆跑遍了台灣的每個離島，墾丁、澎湖、綠島、蘭嶼，最後來到了小琉球。\n
小琉球是一個交通便利，而且冬天唯一不受東北季風影響的小島。\n
當時心中湧出一個想法\n
如果選擇「定居」在小琉球，\n
如果開的店可以持續「留住」房客，\n
那應該會是間很「溫暖」的店吧？\n
定居在琉球，那不如就叫「居琉」吧。"
Slack BnB,"位於屏東小琉球\n
取名源自於走繩運動(Slacklining)\n
也有放鬆、耍廢的意思\n
台灣第一間以走繩為主題的背包客棧\n
走繩是一款老少咸宜又可以鍛鍊核心的運動\n
老闆希望客人們來小島旅遊放鬆之餘\n
可以體驗不一樣的戶外活動\n
Slack BnB 期望大家來玩可以認識新朋友\n
互相交換旅遊的故事\n
所以除了戶外露營風的走繩空間外\n
室內還有挑高的交誼廳\n
很容易一躺就起不來的二樓平台區\n
超讚投影機及超大投影牆\n
適合喜歡旅行、喜歡交朋友的你\n"
琉Chill背包客棧,是一間位於小琉球的獨特背包客棧，理念是提供舒適、輕鬆和療癒的住宿，因此取名為琉CHill背包客棧。\n
居琉潛水背包客棧二館,"民宿老闆25歲時在馬爾地夫教潛水。\n
潛水教練，表面上看似光鮮亮麗、充滿自由的夢想職業，其是在用自己的「青春」在海下奮鬥。\n
合約結束後，還要繼續去其他海島國家教潛水嗎？如果有一天再也無法繼續教潛水，怎麼辦？\n
每天獨自坐在海邊反覆問自己這些問題，必須得找到另外一個自己熱愛的工作。\n
回國後，老闆跑遍了台灣的每個離島，墾丁、澎湖、綠島、蘭嶼，最後來到了小琉球。\n
小琉球是一個交通便利，而且冬天唯一不受東北季風影響的小島。\n
當時心中湧出一個想法\n
如果選擇「定居」在小琉球，\n
如果開的店可以持續「留住」房客，\n
那應該會是間很「溫暖」的店吧？\n
定居在琉球，那不如就叫「居琉」吧。"
小島，走走,位於小琉球，相較於其他民宿業者，都是用既有的房子改建而成，小島走走是唯一工業風格的民宿。新穎的裝潢、高檔的設備、自由的空間、便利的環境，來到小琉球走走，提供給你最好的選擇。
黑背包,位於小琉球島上的中心點，騎車到大街購物飲食或陸遊景點都非常方便。是由一間老宅改造而成的背包客棧，簡單舒適風格，因此取名為黑背包。
嶼海生活背包宿,"緣起於我們對大海的感情，在這片島嶼的山海之間找到生活的理由，是我們生活的地方更是我們的家，一群因海而相遇的人，希望透過這片海認識你。\n
傳達真正民宿概念，與你分享海洋日常，透過海而認識彼此，嶼海期待與您相遇，因此取名為嶼海生活背包宿"
LQ膠囊輕旅-LIUQIU,"來一趟愉快的輕旅行吧，體驗不同於背包客棧的感覺\n
距離蛤板灣沙灘 1.3 公里。LQ Capsule Hostel 距離秘密海灘（Secret Beach） 1.8 公里。"
小琉球野原星之宿,距離美人海灘 1.2 公里。Ye Yuan Star Homestay 距離中澳海灘（Zhongao Beach） 2 公里。距離蛤板灣沙灘 2.3 公里。
小琉球獵戶座背包寨,距離美人海灘 1.5 公里。距離蛤板灣沙灘 2.1 公里。這間住宿距離中澳海灘（Zhongao Beach） 2.2 公里。
InnOcean 在海裡潛水旅宿,"Innocean or In ocean。不是在海裡，就是前往海裡的路上，因此取名為InnOcean 在海裡 潛水旅宿。\n
距離美人海灘 1.6 公里。距離中澳海灘（Zhongao Beach） 2 公里。距離蛤板灣沙灘 2.2 公里。"
上福民宿 ,"一個女孩誤打誤撞的闖入經營民宿這個世界，堅持爲所有旅客安排最好的服務與客製化行程。\n
距離中澳海灘（Zhongao Beach） 2.3 公里。"
自由空間旅宿 ,距離中澳海灘（Zhongao Beach） 1.4 公里。距離美人海灘 1.9 公里，距離蛤板灣沙灘 2.9 公里。
小琉球純 住宿True Hostel Xiao liuqiu,純住宿是屬於旅人的住宿共享空間。小巧精美的青年旅館，可以容納10位旅人，海鹽綠女子背包房/混宿六人背包房。歡迎你跟我們說說、聽聽、寫寫關於琉球小島的故事。
Lixia Hostel 立夏旅宿,"立夏位於小琉球市中心，整棟建築以東印度風為設計風格，一樓預計作為咖啡廳，二樓為精品背包客房，三樓為獨立套房區。\n
立夏如其名般溫暖清新，希望入住的旅客不管在哪一個季節蒞臨小島，都能感受到夏天的浪漫與美好。"
小琉球船屋特色民宿,小琉球船屋民宿在2016年的夏天它開始停泊在小琉球，小琉球船屋民宿特別的船頭造型是為了突顯小琉球漁村風情，特意以下錨象徵著已新建於在這個海上樂園-小琉球，小琉球船屋民宿就等您來體驗唷。\n
小琉球星月旅店,"以金黃月光為主題，星雲為想像空間，彷彿置身於銀光星河之間 空間不再以直線直角切分 讓律動感存活於空間中 賦予建築新生命...。
馬賽克拼貼出宇宙無垠的月球星空 嬌豔美人魚同游清涼池水中 落地長條窗與彩雕玻璃窗引入南國陽光 大膽玩弄色彩 挑動你的視覺，海島旅行融合西班牙的熱情活力與慵懶自在，享受一場奇幻美麗冒險之旅。"
小琉球嗚啦啦聚所 oh la la Hostel,鄰近北岸的小琉球嗚啦啦聚所前往花瓶石、美人洞及白沙尾漁港等景點十分方便，四周無屋不受干擾，左右植被叢生，有種遺世獨立的感覺。門口擺放簡單的小桌，在戶外有個能吹風休憩的空間。背包客房是質樸乾淨的上下舖床位，如果是和其他朋友結伴而行，四到八人房也是很適合的選擇。
燕燕青年旅店 Swallows Hostel,距離中澳海灘（Zhongao Beach） 400 公尺。距離美人海灘 2.7 公里。
旅.Highway,"旅Highway鄰近西岸杉福漁港、小琉球杉福潮間帶等景點，頂樓開放式的大陽台有大張的長桌和椅子，吃喝聊天非常方便，走路就能抵達海灘的距離，讓你也能直接從陽台望向遼闊的海面。\n
老闆接觸自潛兩年多，一直期待著能打造一間有溫度的背包旅店，還有著可以欣賞星空夕陽及海景的一個瞭望台，與遠方背包客大聲歡笑、暢談自潛生活，這間青旅就此誕生。由此可知這會是一個多麼非常親切的地方了吧。"
萊克民宿-小琉球民宿 包棟,距離中澳海灘（Zhongao Beach） 2 公里。距離蛤板灣沙灘 2.2 公里。
墨坊 - 海廢基地Morefun,此店家無提供相關資訊
琉意旅宿,"旅行,不一定要獲的什麼，單純為了跳脫一成不變的生活，那就是一種意義，所以命名為琉意旅宿"
小琉球彼空映旅宿,"民宿的名字很不一樣，有些拗口，十分鍾情於燈塔的老闆娘解釋，「彼空映」其實是beacon Inn的音譯，beacon在英文意義當中，有指引之意，但中文名稱卻一直都定不下來，她和設計師分享，「原本想把民宿做成燈塔造型，但礙於成本只好放棄。如此喜歡燈塔，或許是內心總覺得冥冥之中受到父親指引吧。」於是，設計師告訴她，你的父親在「彼」方的天「空」庇「蔭」著你。(彼空蔭)」這句話讓她淚流不止，後來她礙於傳統觀點改了一個字，定名為「彼空映」。\n

Beacon有燈塔、指路明燈、指引、像燈塔般照耀的意思。 取名Beacon是期許自己能夠延續爸爸的精神，也希望爸爸能像燈塔般指引著我，鼓勵著我，讓我能夠更有力量面對一切。 中文名字彼空映的意涵為，爸爸在彼端的天空庇佑映照著我們。我們希望做到關心生態與環境、對動物友善、並且在這美麗的小島上，努力做到愛護生態、並將這小島寧靜的美與更多人分享，希望來到這小島的旅人能夠放慢腳步，細細品味遠離塵囂的寧靜之美。"
濱境行旅 Begin Inn,房間以貨櫃屋的形式呈現，邂逅大自然千變萬化的美麗，同時遇見小琉球獨一無二的職人光景。靜下心來，用一次珍貴假期，在南方島嶼上，感受一生難忘的悸動，療癒一顆疲憊已久的心。真誠體驗與海洋作伴、星辰為伍，將晨曦、落日與星空盡收眼底的入住經驗。
小琉球皮亞諾旅店,"全館以鋼琴風格為主題，用鋼琴的英文piano，皮亞諾。\n
一進入大廳位於左側，置放一台三角鋼琴及數支小提琴的擺放設計藝術氣息便隨之而來。細細品味樂曲在五線譜優美起舞的旋律觸及心靈的悸動深刻而感人，讓您彷彿置身於音樂饗宴中而每間房各有音樂相關不同裝潢設計點出音樂結合海景的藝術二重奏，享受一場深刻迷人、無與倫比的藝術之旅。"
正好友生態環保旅店,"『正』→ 取自民宿主人名。\n
『好』→ 成語「好天良夜」。\n
『友』→ 子曰益者三友「友直、友諒、友多聞」。\n
好日子住好地方、睡好覺、認識好友\n
到這裡來住宿，都是我們的好朋友。\n
有意識地選擇、有意思的民宿、有責任的旅行。"
快樂小屋,2017年全新開幕，獨棟小木屋，環境清靜幽美，距離杉福漁港潮間帶非常近，一分鐘就可到達，去碼頭也只要五分鐘，機能便利性高。
屏東小琉球海之旅民宿,"慢悠的旅程，海上悠晃的浪漫地，讓旅客享受在旅程中的漫步雲端，沒有吵雜只有快樂與歡笑，選擇海之旅民宿，讓人在海上旅行一樣，旅人不在孤單而有大家，以家溫暖的樣子，讓人來到這裡都有同感。\n
海之旅小琉球民宿位在龍蝦洞附近，由於面對大海，在早晨可享受小琉球晨曦之美、在晚間可聽到都市所沒有的夜間蟲鳴與海浪聲及一大片的燦爛星空，雖然海之旅沒有富麗堂皇的裝潢，但絕對能給您一個乾淨、舒適又平價的房間。"
小琉球琉漾民宿,"琉漾民宿從背包客的一人床位到家庭旅遊的六人房型皆有提供，一個人一晚最低只需五百元即可入住，十分划算。民宿提供包棟服務，民宿外的大空間可以提供烤肉場地，以及團康活動聚點，適合十多人包棟入住。\n
民宿為老宅整修，從平房式外觀到房間內部懷舊的檜木古董床，都能感受濃濃的台灣懷舊感性。民宿位置離玩水地點很近，適合喜歡水上活動的旅人。"
琉客棧民宿,希望客人的到來都會有一份良好的心情，所以老闆以不同的心情來為所有琉客棧房間命名。
Xpb民宿,設有共用休息室、露台、休息區和免費WiFi，還有提供租車服務。距離秘密海灘（Secret Beach） 200 公尺。距離蛤板灣沙灘 2.9 公里。
小琉球朵小路北歐民宿(Secret Path B&B),"「朵小路」是一間民宿，也是一種生活態度
老闆認為，有時候，我們只是想安靜躲起來\n
躲在海邊，躲到小路上\n
讓一切沉澱，讓自己喘氣\n
收拾起你的行囊，去小琉球吧。\n
在「朵小路北歐民宿」，你可以放慢呼吸，讀一本書，喝一杯咖啡，到海邊，聽聽海浪唱歌。"
樓仔厝,老闆認為這間房子屬於老房子，也是以前的老樓房，所以就將它命名為樓仔厝。時間久了就會發現了它的美麗。
晴空宿,"位於小琉球中心點，鄰近多處知名觀光景點，整體走簡約時尚路線，民宿主人希望來小琉球的旅客都能玩得盡興，留下難忘的回憶，所以以自己回家鄉渡假的心情，打造了這晴空宿。\n

民宿主人簡單的規劃了三個層樓，共三個房間，為的就是留給旅客一個不受干擾的住宿環境，希望旅客來到這裡能夠不受拘束的盡情享受小琉球的美好，每間房間都走簡約路線，卻不失設計感，窗明几淨、空間寬敞，就算是舉家出遊，也不壅擠，一間房內15坪大小的空間，提供最頂級的衛浴設備與寢具，讓您對晴空宿留下一個美好的印象唷。"
空中花園聖誕屋,此店家無提供相關資訊
微浮包棟民宿,2021全新落成的微浮民宿，擁有四間現代風裝潢的舒適客房。
36潛旅店,"阿貴潛水經營多年以來，我們不斷地提升、進步，為了帶給來自各個城市的潛客有個舒適、方便休憩的環境。『36潛旅店』於2021年1月正式開幕，是一間潛水結合民宿，打造獨一無二的潛水工業風格旅店。\n
那阿貴舊館位於在漁福村排仔港旁邊，住宿裡面有2間雙人房、4間四人房有一個公共的客廳，房間屬於乾淨舒適溫馨，可以讓出來遊玩到的客人有種回到家的感覺如此輕鬆。"
玩BOX Show琉球民宿,由貨櫃屋打造而成的可愛民宿，繽紛色彩及幾何條線。
小琉球【我們這一家輕旅宿】,2021年全新開幕，可愛小木屋風格，每間坪數給您舒適大空間。也提供獨棟小木屋包棟選擇，三個房間可容納6-8位遊客包棟。
七武海旅宿,小琉球四面環海，隨處可見以海洋及綠蠵龜相關住宿設計，為了獨樹一格，跳脫風格，於是靈機一動，並以房間數量為聯想十二星座，便成為了此設計理念。老闆秉持著有朋自遠方來的理念，期許能為旅客們提供一個舒適既溫馨的住宿環境，讓前來小琉球遊玩的旅客，享受旅遊的樂趣，如同在家的舒適感與自由。也希望能讓您的旅途充滿美好的回憶，並添加您對七武海旅宿的好印象。
極之宿,"我們用簡約的設計呈現不一樣的風格讓旅人能放慢腳步～感受放空  慢活步調，繼而達到旅行的目的。\n
來這裡，您只需帶一顆放鬆旅遊的心，盡情享受樸實無華小島給予的風貌，
來一場大自然的盛大饗宴。\n
一路涉足、一路留戀、一路回望。\n
舒適的裝潢設計，寬敞的住宿空間，種滿花旗木有森林感的前庭後院適合喜歡綠意盎然的客人。"
藍貝島潛水旅宿一館,座落在台灣本島西南角的小琉球，為全台灣境內唯一由珊瑚礁組成的島嶼，在這個四季都適合潛水的小島，開了第一個潛水旅宿及潛水教室，藍白相輔相成的外觀、日落後的晚霞，讓人沉醉在這優閒的小島風情裡、迷人萬千。
首瓦包棟民宿,首瓦設計民宿於2013年獲得交通部觀光局之好客民宿認證。首瓦設計民宿座落於屏東縣離島小琉球建築外觀為斜屋頂、白牆、使用LOWE抗UV強化玻璃，以節能建築(採光設計、使用自然光源、減少能源消耗(熱泵熱水器))的設計方向為建築主軸 開放性的客廳與餐廳，加上透空的木梯，以及小琉球特有之漂流木，經過簡單表面處理後，期讓空間變成獨一無二之裝置 隔而不斷的開放廚房，亦是休憩小酌的小空間，而二樓開放區退縮的小庭院，加上前庭採光，讓我們的通風採光極佳。而全棟三房不受打擾之構思，更是讓小琉球家族式旅遊、志同道合好朋友們團聚之好所在。首瓦用心地照顧每一個細節，看的見的清潔、看不見的衛生，更是我們極為重視之處。我們每天只接待一組旅人，以期讓您獨享首瓦整棟的自在悠閒住宿空間，首瓦民宿4-10人就可以包棟 。
98旅店,"住宿附近的景點有沙瑪基渡假區、三隆宮、肚仔坪、多仔坪潮間帶、美人洞、美人洞風景區、碧雲寺、杉福漁港、竹林生態溼地公園、山豬溝風景區、琉球旅客中心、琉球管理站暨遊客中心、山豬溝、花瓶岩、大寮(大福)漁港、白沙觀光港。\n
民宿理念是，走吧，迎向小琉球的盛夏風情。走吧，來去小琉球玩潛水。走吧，來去小琉球98旅店。"
貳拾捌旅店,位於海岸旁的小琉球民宿，房型從八人混合式床位到附有陽台的海景雙人房都有，床在窗戶旁邊，只要躺著往外望出去就能看到海。房間隔音很好，不用擔心睡眠品質被打擾。旅店的設計是以簡單的工業風為主，房間內還畫有一大片蔚藍的海洋，讓人非常舒服。其公共空間有交誼廳，可以和朋友們聊天吃飯，或是認識來自不同地方的人，都很方便。
小琉球 尊順祿藝術旅店,"融入自然與藝術氣息的民宿，以曲線、童趣、抽象理念作為建築風格的藝術民宿
彷彿置身於奧地利藝術街頭。\n

民宿擁有獨特的外觀，利用大量的馬賽克色塊拼接，展現出充滿熱愛小島感的設計與其他小琉球的民宿相比，更能凸顯與眾不同的地方。"
小火雞觀海民宿,以白色為建築主要基底色調，幾片七彩的彩繪玻璃穿插其中，讓外觀增添幾分活潑的氣息，還有一片院子，擺著搖椅，看來又是一個可以chill‌‌的好地方。房間的裝潢則是和外觀的現代風格相符，走的是極簡風，雖然簡單，但可不馬虎，房間的大小頗有水準，有著舒適不擁擠的住宿環境，房內的白色牆面和木質地板組合，相當有日系的風格，而且該有的設施也是一樣不缺。
杉板灣Villa民宿 Shanban Bay Inn,杉板灣原名舢舨灣，先住民駕著舢舨追逐著飛魚，群體休憩停靠的海港，此海灣美景天成，珊瑚礁奇岩、金黃色沙灘、生態豐富潮間帶，還有宛如阿凡達情景的山豬溝生態步道，夕陽無限好的日落美景，繪織成一幅夢幻般的天然美景，民國36年，實施地方自治，將此海灣，劃歸杉福村，因而改之為杉板灣。
旅境藝術旅店,位於小琉球的旅境藝術旅店，陽光、沙灘、海浪的小島上，跨入大門，即可感受到濃濃的異國風味。
小海龜水上活動,小海龜水上活動是一家獨特的民宿，以其別具一格的主題而聞名。這個名稱取自於海洋生物中的小海龜，象徵著自由、活力與冒險。這個民宿位於一個迷人的水上環境，為遊客提供了一個與大自然親近的機會。從民宿的名字就可以感受到它獨特的風格，讓人聯想到在海洋中探險的美好體驗。如果你正在尋找一個可以放鬆、放緩節奏，同時享受大自然的美景和活動的地方，小海龜水上活動將是你的理想之選。
